,0,1,2,3
0,2020.12.31.,뉴스핌,"[중국 리뷰] 미증유의 대재앙,코로나19와 2020년 중국경제 <하>",[뉴스핌 베이징 = 최헌규 특파원] 10월 26일 중국 구이저우성 마오타이진에 수만명 인원이 참석한 가운데 고량주 축제를 겸한 대규 판촉 행사가 열리고 있다.   2020.12.31 chk@newspim.com 하지만 6월 11일 베이징 남부...
1,2020.12.31.,YTN사이언스,망가진 명품가방을 살려내는 기술,"가죽이 구겨져 버린 명품가방, 기술자는 가방을 분리해 가죽에 고량주를 부어 불을 붙여 가죽을 유연하게 만든다. 또 낡아버린 가방끈을 새로 만들어 다는데, 기술자의 명품 가방 복원 과정을 살펴본다...."
2,2020.12.30.,뉴스핌,"[12/30 중국증시종합] 완화적 통화정책 유지, 상하이 지수 1.05%↑","섹터별로 살펴보면 전기 설비, 석탄, 비철금속, 바이주(白酒·고량주), 철강, 전력, 식품음료, 자동차, 석유 등 대부분 업종이 강세를 보였다. 특히 바이주가 큰 폭으로 상승했다. 귀주모태주(貴州茅臺)는 전일 대비..."
3,2020.12.29.,서울와이어,[옛날옛적 수출-33] 여공 손끝서 빚어진 최초의 억불탑,"""상공부 섬유관련부서 직원들은 매일 밤 요정에서 술타령으로 밤을 지새우는 반면 다른 부서 직원들은 기껏해야 중국집에서 고량주 한잔을 걸쳤다""는 농담반 진담반의 말이 떠돌 정도였다. 당시 섬유수출의 또 하나..."
4,2020.12.29.,뉴스핌,"[금일 중국증시 포인트(12.29)] 고량주자동차株 강세, 의료보험 의약품 협상결...",등 고량주 대표 종목 사상 최고가 경신 △ 자동차 및 자동차 부품주 강세 △ 2020년 의료보험 의약품 협상결과 발표 소식에 주목했다. 28일 중국 증시에서는 대부분의 섹터가 하락세를 보인 가운데 고량주(白酒...
5,2020.12.28.,뉴스핌,"[12/28 중국증시종합] 고량주·농업 테마주 상승, 상하이 지수 0.02%↑","섹터별로 살펴보면 통신, 무역, 철강, 전자, 대두, 옥수수, 바이주(白酒·고량주) 등 업종이 강세를 보였다. 반면, 식품음료, 가전, 자동차 등 주가 약세를 보였다. 특히 바이주와 농업 테마주가 큰 폭으로..."
6,2020.12.28.,뉴스핌,[뉴스핌 뉴스레터] GAM 프리미엄 뉴스 12월 28일,"[투자의GAM] 고량주, 맥주 계속 오른다 ▲코로나19 진정 중국, 코로나 테마주 투자열기는 펄펄 ▲JP모간, 화낙 투자등급 '중립'으로 상향...목표가는 2만5000엔 등이 담겼습니다. 뉴스핌은 매일 생산하는 고품질..."
7,2020.12.25.,뉴스핌,[12/25 중국증시 종합] 알리바바 반독점 조사에도 상하이지수 0.99%↑,고량주(바이주 백주) 섹터 주가는 전날 하락세에 따른 반발 매수로 회복세를 보이는 듯 했으나 장중 재차 약세로 돌아섰다. 이날 고량주를 비롯해 맥주 양식업 섹터는 대체로 하락세를 나타냈다. 귀주모태...
8,2020.12.24.,뉴스핌,"[12/24 중국증시종합] 지속되는 미중 갈등, 상하이 지수 0.57%↓","반면, 바이주(白酒·고량주), 식품음료, 공예품, 소프트웨어 서비스, 컴퓨터 등 주가 약세를 보였다. 특히 바이주 섹터가 약 5%가량 하락하면서 눈길을 끌었다. 이는 그간 상승세에 따른 차익실현 매물이 쏟아져..."
9,2020.12.24.,뉴스핌,"[금일 중국증시 포인트(12.24)] 신에너지 업종 초강세, 샤오미 시총 1000억달...","상하이와 선전, 창업판 지수의 개장가는 전일 마감가 대비 각각 0.13%, 0.12%, 0.14% 하락했고 업종별로는 에너지와 석탄 업종이 상승 출발한 반면 백주(고량주) 업종이 하락 출발했습니다. ""신에너지 테마주 시대 도래..."
10,2020.12.22.,뉴스핌,"[12/22 중국증시종합] 깊어지는 美中갈등, 상하이 지수 1.86%↓","섹터별로 살펴보면 레저 서비스, 식품 음료, 바이주(白酒·고량주) 업종이 강세를 보였다. 반면, 채굴, 가전, 비은행 금융, 비철금속, 석탄 등 대부분 주가 약세를 보였다. 특히 석탄 관련 주의 하락세가..."
11,2020.12.22.,영남일보,새마을문고 대구북구지회 '부키야놀자' 북토크,"새마을문고 대구북구지회(회장 이승로 수성고량주 대표)는 21일 대구 북구 구수산도서관에서 '부키야놀자' 북토크를 열었다.북구지회는 국민독서경진대회 작품과 그림그리대회 수상자 그림, 수필, 시, 편지글 등을 엮어..."
12,2020.12.22.,매일신문,새마을문고 대구북구지회 ‘부키야 놀자 북토크’,새마을문고 대구북구지회(회장 이승로 수성고량주 대표)는 21일 구수산도서관에서 '부키야 놀자 북토크' 행사를 열고 '부키야 놀자 문예지'를 출간했다. 새마을문고 대구북구지회는 대통령기 국민독서경진대회 작품...
13,2020.12.21.,뉴스핌,"[12/21 중국증시종합] '농업 테마주' 강세, 상하이 지수 0.76%↑","섹터별로 살펴보면 대두, 옥수수, 자동차, 태양열, 바이주(白酒·고량주), 비철금속, 반도체, 전기 설비 등 업종이 강세를 보였다. 반면, 가전, REITS, 민간항공, 호텔 등 주가 약세를 보였다. 이날 섹터에서는..."
14,2020.12.18.,뉴스핌,[12/18 중국증시종합] 상하이 지수 0.29%↓ 주간 1.43%↑,"섹터별로 살펴보면 석탄, 자동차, 철강, 전력, 바이주(白酒·고량주) 업종이 강세를 보였다. 반면, 레저 서비스, 은행, 기계 설비, 바이오, 호텔, 식품음료, 화학섬유, 보험 등 대부분 주가 약세를 보였다. 특히..."
15,2020.12.18.,뉴스핌,"[GAM] 1년후 귀환 주가 300%폭등, '북부 마오타이' 황타이주업, 전도는 글쎄....","  ""남쪽에 마오타이가 있다면 북쪽엔 황타이(皇台)가 있다"" 중국 서북부 지역의 유명한 고량주(백주... 황타이주업은 간쑤(甘肅)성을 중심으로 한 중국 서북부 최대의 고량주 기업으로 1985년에 설립됐다. 창립 당시..."
16,2020.12.18.,뉴스핌,[뉴스핌 뉴스레터] GAM 프리미엄 뉴스 12월 18일,"미즈호, 목표가 7만7000엔으로 상향 ▲[중국 주식] 올해 주가 230% 급등, 고량주 대장주 '산서행화촌분주' ▲[중국주식] 1000위안 돌파 귀주모태 추격, A주 2대 고가株로 파란 '로보락' ▲[업종분석]연 30% 성장, 중국..."
17,2020.12.17.,뉴스핌,"[GAM] 1000위안 돌파 귀주모태 추격, A주 2대 고가株로 파란 '로보락'",현재 중국 증시 최고가 '왕좌'는 2000위안대로 향하고 있는 고량주(바이주·백주) 종목 귀주모태(600519)이다. 시장의 관심은 첫째 로보락 주가 상승의 지속 여부다. 1000위안대를 돌파하면서 '마오타이(귀주모태)의 저주...
18,2020.12.17.,뉴스핌,"[금일 중국증시 포인트(12.17)]제2의 '황제주' 탄생, 고량주株 사상 최고가, ...","섹터별로는 고량주(바이주), 디지털 통화 등이 강세를 보이고 있다. 중국 주요 증권경제전문 매체들은... 경신한 고량주 섹터 △ 미국 정부 제재에 따른 중국 반도체 파운드리 기업 SMIC(中芯國際·중국명..."
19,2020.12.17.,뉴스핌,"[GAM]중국인 지갑 열기 시작 2021년 '선택형 소비' 주목, <웨카이(開)증권>","12월 둘째 주(12월 7~11일) 중국 상하이종합지수가 하락세를 보인 가운데, 바이주(고량주) 섹터 등 '선택형... ◆ 주목할 선택형 소비주는 가전·자동차·고량주 투자 방향과 관련해 보고서는 선택형 소비 업종이 경기에..."
20,2020.12.04.,뉴스핌,[GAM]중국 10대 증권기관 진단 '12월 A주 키워드는 경기순환주',"자동차, 고량주(백주), 가구, 호텔, 관광지 △저평가 업종의 경우 '경제+정책+수익률'의 영향을 동시에 받는 은행 등의 업종이 강세를 보일 것으로 기대했다. 이와 함께 단기적으로는 밸류에이션의 회복이 기대되는..."
21,2020.12.03.,한겨레,"[ESC] 맛도, 가격도 변하지 않는 식당은 …있다!","40여년의 역사를 그대로 보여주는 낡은 간판과 실내 인테리어만으로도 고량주 한 병은 거뜬히 마셔버리게 된다. 볶음밥을 함께 주는 잡채밥과 해물이 가득 들어간 삼선짬뽕, 5000원이라는 가격에 빛나는 짜장면 등 정겹고..."
22,2020.12.02.,매경이코노미,中학개미가 눈여겨볼 만한 종목-고량주 귀주모태·면세점 1위 중국중면 풍력발...,귀주모태와 오량액은 백주(고량주)를 만든다. 귀주모태는 백주 시장 1위 기업이다. 3분기 실적은 부진했다. 매출 239억위안을 기록했다. 1년 전에 비해 7% 늘었으나 컨센서스(증권가 예상치 평균)인 263억위안보다 적다....
23,2020.11.30.,매일경제TV,국내 주류 출고량 5년 만에 10% 감소…수입량은 125% 급증,"고량주, 럼, 진, 보드카 등을 포함한 일반증류주도 지난 6년간 연간 1만530∼1만3천777㎘가 수입됐습니다. [ 이용재 기자 / jerry@mk.co.kr ] [ⓒ 매일경제TV Mmoney & mktv.co.kr, 무단전재 및 재배포 금지 ]"
24,2020.11.30.,딴지일보,국방 브리핑 42: 적외선 유도기의 탄생과 불법 복제의 시대 2,"(금문도는 고량주로도 유명한데, 금문 고량주의 전신인 주룽장이 1952년 금문도에서 만들어진다. 이 역시 군대가 만든 거다. 양안 문제가 살기 등등했던 시절, 금문도에는 10만 병력이 주둔하고 있었는데, 이때 장제스..."
25,2020.11.30.,인사이트,"민주당 국회의원 ""중국과 우리는 한 공기를 마시는 호흡 공동체""","이날 만찬에서 일행은 중국의 고량주 마오타이주를 마신 것으로 알려졌다.김 의원은 ""제가 미세먼지 해결과 기후 위기 공동 대응을 함께하면 좋겠다고 했더니 이 주제로 상당 시간 토론(했다)""이라고 말했다.그러면서..."
26,2020.11.30.,농장에서식탁까지,중국 파오차이(Pao cai) 우리 김치(Kimchi)와 다른 음식,"제조방법도 무나 배추 등을 토막 내어 적당량의 소금물에 담가 놓았두고, 냄비에 적당량의 물을 붓고 센 불로 가열하며, 물이 끓으면 고량주, 생강, 소금, 매운 고추, 산초, 팔각, 설탕을 넣어 가열한 후 불을 끄고..."
27,2020.11.29.,중부일보,국내 주류 출고량 내리막길에도 수입량은 5년 만 125% 급증,"고량주, 럼, 진, 보드카 등을 포함한 일반증류주도 지난 6년간 연간 1만530∼1만3천777㎘가 수입됐다. 수입 위스키와 브랜디의 인기는 꾸준히 하락하는 양상이다. 지난해 위스키 수입량은 2014년보다 31.5% 감소한..."
28,2020.11.29.,천지일보,국내 주류 수입량 125% 급증… 출고량은 감소,"고량주, 럼, 진, 보드카 등을 포함한 일반증류주도 지난 6년간 연간 1만 530∼1만 3777㎘가 수입됐다. 수입 위스키와 브랜디의 인기는 꾸준히 하락하는 양상이다. 지난해 위스키 수입량은 2014년보다 31.5% 감소한..."
29,2020.11.29.,중소기업신문,주류 출고량 감소했지만 수입량은 2배 뛰어,"와인을 포함한 과실주의 수입량도 2014년 3만6047㎘에서 지난해 5만3394㎘로 48.1% 증가했다. 고량주, 럼, 진, 보드카 등을 포함한 일반증류주도 지난 6년간 연간 1만530∼1만3777㎘가 수입됐다."
30,2020.11.29.,연합뉴스언론사 선정,주류 출고량 내리막길?…수입량은 5년 만에 125% 급증,"고량주, 럼, 진, 보드카 등을 포함한 일반증류주도 지난 6년간 연간 1만530∼1만3천777㎘가 수입됐다. [표] 연도별 주요 주류 수입량(단위, ㎘) 자료, 국세청 수입 위스키와 브랜디의 인기는 꾸준히 하락하는..."
31,2020.11.26.,헤럴드POP,"[POP이슈]""母목표='미우새'""‥'철파엠' 서른살 딘딘은 '걷는중'(종합)","까나리를 먹으면 고량주 먹은 것처럼 속이 타들어가는 느낌이다. 화장실에서 계속 까나리를 비워냈다. 다 나왔다 싶어서 일어나면 또 나오더라""고 털어놨다. 현재 딘딘은 '뮤직하이'를 DJ를 맡아 진행 중이다. 그는..."
32,2020.11.26.,스포츠조선,"딘딘 ""母 최종 목적지='미우새'""→""'1박2일' 첫날 까나리카노 3잔, 계속 비워...","그는 ""까나리를 먹으면 고량주 먹은 것처럼 속이 타들어가는 느낌이다. 화장실에서 계속 까나리를 비워냈다. 다 나왔다 싶어서 일어나면 또 나오더라""고 해 웃음을 안겼다. 그러면서 그는 ""나에게 예능이란 또 다른 힐링..."
33,2020.11.26.,스포츠투데이,'철파엠' 딘딘 특집 #커스텀 인이어 #'미우새' 꿈꾸는 어머니 #까나리 [종합],"특히 그는 KBS2 '1박2일'에서 까나리 복불복과 관련 ""까나리는 고량주 마신 것처럼 타내려가는 게 느껴진다. 화장실에서 주르르륵 나온다. 그날 마셨던 셋이 화장실에서 까나리를 비웠다""고 회상했다. 이어 그는 힘들었던..."
34,2020.11.26.,뉴스엔,"“과거 영상 보면 눈물나” 딘딘, 음악→예능 향한 애정 #방글이PD(종합)","까나리를 먹으면 고량주 먹은 것처럼 속이 타들어가는 느낌이다. 화장실에서 주르륵 나온다. 연정훈, 문세윤이랑 화장실에서 계속 까나리를 비워냈다. 다 나왔다 싶어서 일어나면 또 나오더라""며 웃었다. 딘딘은..."
35,2020.11.26.,엑스포츠뉴스,"'철파엠' 딘딘 ""힘든 예능? '진짜 사나이'·'1박 2일' 투탑"" (ft. 까나리)","이어 ""고량주를 마시는 것처럼 타고 내려가는 느낌이 있다. 그리고 화장실을 계속 간다. 아침에 죄송하지만 계속 비워냈다""고 덧붙였다. 예능 중 난이도 최고는 뭐였냐는 DJ 김영철의 질문에 딘딘은 '진짜 사나이'를..."
36,2020.11.26.,뉴스엔,"‘철파엠’ 딘딘 “1박 2일 까나리 후유증, 연정훈·문세윤과 계속 비워내”","딘딘은 ""까나리를 먹으면 고량주 먹은 것처럼 속이 타들어가는 느낌이다. 화장실에서 주르륵 나온다. 연정훈, 문세윤이랑 화장실에서 계속 까나리를 비워냈다. 다 나왔다 싶어서 일어나면 또 나오더라""며 웃었다...."
37,2020.11.24.,매일일보,개미 中증시 강세에 제약‧주류‧여행주 매집,"그 뒤로는 고량주 제조업체로 중국 내 시가총액 1위 기업인 귀주모태주(1962억원), 중국 최대 민영 금융그룹인 평안보험(1573억원), 간장·조미료 제조업체 포산 헤이션 플레이버링 앤 푸드(1300억원) 등이 상위권을..."
38,2020.11.23.,뉴스핌,[11/23 중국증시종합] 석탄주 강세 속 상하이 지수1.04%↑,"이 밖에 자동차, 비철금속, 바이주(白酒·고량주), 비은행 금융, 은행 등 주가 상승했다. 다만, 컴퓨터, 전자, 미디어 주가 약세를 주도했다. 이날 OPEC+(석유수출국기구 회원국과 비회원국 산유국 연합체)가 이달 말..."
39,2020.11.23.,매경이코노미,포스트 코로나 국면에서 주목받는 중국 증시-‘쌍순환’ 내수 강조…태양광·...,"그 뒤를 이어 고량주 제조업체로 중국 내 시가총액 1위 기업인 귀주모태주(1962억원), 중국 최대 여행사인 중국국제여행사(1959억원), 중국 최대 민영 금융그룹인 핑안보험(1553억원), 중국 최대 간장·조미료 제조업체..."
40,2020.11.23.,뉴스핌,동학개미 이제는 중국시장 '기웃'...보관액 3조원 웃돌아,"그 뒤로는 고량주 제조업체로 중국 내 시가총액 1위 기업인 귀주모태주(1962억원), 중국 최대 민영 금융그룹인 평안보험(1573억원) 등이 바짝 추격하고 있다. 국내 투자자들이 중국시장에 눈독을 들이는 이유는 빠른..."
41,2020.11.13.,뉴스핌,11월 주가 '사상 최고치' 경신한 중국 A주 78개 종목은?,그 중 백주(고량주) 제조업체인 주귀주의 주가는 올해 들어 208.06%나 급등해 상장 20년 역사를 지닌 8개 종목 중 연내 주가 상승폭이 가장 높았다. 올해 백주(고량주) 업종의 전반적인 강세장 흐름 속에 우수한...
42,2020.11.13.,아시아경제,[드링킷] 감성과 힙(Hip)을 동시에! 레트로 술집 4,"홍콩에 왔으니, 고량주를 한잔해야지! 도수가 부담스러운 사람들은 토닉워터를 시켜 섞어 먹어보자. 추천 안주는 마라 육회 연화반, 마라 + 육회라니, 맛있는 거 더하기 맛있는 건 바로 짱 맛있는 거! 한 입 맛보면 술을..."
43,2020.11.12.,뉴스핌,"[11/12 중국증시종합] 코로나 재확산 우려, 상하이지수 0.11%↓","섹터별로 살펴보면 레저 서비스, 가전, 석탄화학, 자동차, 바이주(白酒·고량주) 등 대부분 주가 강세를 주도했다. 반면 은행, 비은행 금융 주 등이 약세를 보였다. 특히 바이주 섹터가 5% 이상 상승하며 눈에 띄는..."
44,2020.11.12.,한겨레,[ESC] 유사길=위스키? 샴페인=상백윤?,"수수 증류주인 고량주, 보리 증류주인 위스키, 포도 증류주인 코냑, 용설란 증류주인 테킬라 등, 물론 이 증류주 이외에도 셀 수 없이 많은 증류주가 생산되고 있다. 우리가 많이 마시는 증류주는 희석식 소주이다. 가격이..."
45,2020.11.11.,오마이뉴스,좋은 세상 만들기 위해 '가난한 활동가'들이 뭉쳤다,오늘따라 고량주는 왜 그렇게 달던지. 모임비가 조달되지 않았다면 그림의 떡이었을 연태(고량주)는 한 병 두 병 바닥을 드러냈다. 시간은 흐르고 이야기는 멈추지 않았다. 그날의 뒤풀이는 다음 날 오전 3시까지 이어졌다....
46,2020.11.09.,파이낸셜뉴스,'제4회 부키야놀자 북앤페스티벌' 성료,새마을문고 대구북구지회(회장 이승로 수성고량주 대표)는 지난 7일 칠곡향교에서 '제4회 2020 부키야놀자 아이들과 함께하는 북앤 페스티벌'을 성황리에 개최했다고 9일 밝혔다. '부키'는 부엉이 마스코트로 대구북구의...
47,2020.11.08.,영남일보,"새마을문고 대구북구지회, 2020 부키야놀자 아이들과 함께하는 북앤 페스티벌",새마을문고 대구북구지회(회장 이승로 수성고량주 대표)는 7일 칠곡향교에서 '2020 부키야놀자 아이들과 함께하는 북앤 페스티벌'을 개최했다. 칠곡향교 명륜당 앞에서 북구관내 학생들과 학부모들이 참석한 가운데 열린...
48,2020.11.08.,매일신문,새마을문고 대구북구지회 '2020 부키야놀자 북앤페스티벌',새마을문고 대구북구지회(회장 이승로 수성고량주 대표)는 7일 칠곡향교에서 '제4회 2020 부키야놀자 아이들과 함께하는 북앤 페스티벌'을 개최했다. 부키는 부엉이 마스코트로 대구북구의 아이들을 의미한다. 부키를...
49,2020.11.06.,뉴스핌,[중국 주식] 600년 전통 명주의 향 계승하며 성장한 '오량액'," 2017년 중국 바이주(白酒고량주, 이하 백주) 시장은 '마오우양(茅五洋, 마오타이우량예양하양조)'의 삼국 시대로 표현됐었다. 중국을 대표하는 백주인 구이저우마오타이(貴州茅臺귀주모태)는 위촉오 삼국 중 가장 큰..."
50,2020.11.05.,뉴스엔,"박재범 “2년 후 은퇴 계획, 아이돌 제작+소주사업 구상중”(라스)[어제TV]","장소도 치킨집에서 공연장으로 바뀌고 맥주만 100만 cc, 고량주만 100병을 마셨다”며 “선배님들도 오신다. 김창완, 강산에, 최백호 선배 등도 오셨다. 제가 혼자서는 섭외할 수 없는 규모”라고 자랑했다. 박재범은 지난..."
51,2020.11.04.,충청일보,서산 배달앱 1위 다르긴 달랐다,어느새 고량주가 식탁위에 올라 와 있을 정도다. 속풀이로 딱이다. 매운 정도에 따라 보통과 매니아용이 있다. 만약 특별한 술안주를 원하다면 샐러리맨에게 부담이 가지 않는 합리적인 가격의 튀김과 탕류 요리가 있는...
52,2020.11.04.,뉴스핌,중국 증권사 선정 '11월 추천주'…자오상은행신저우방 등,"중신건투(中信建投)가 추천주로 선정한 백주(白酒고량주) 생산업체인 우량예(五糧液 000858.SZ)는 내수확대 정책에 따른 소비진작으로 백주 수요가 늘어나는 가운데, 마오타이(茅臺)주를 필두로 한 백주 가격 인상..."
53,2020.11.03.,에스콰이어,불빛이 섹시한 레트로 중식당,"거기에 연태고량주까지 있으면 완벽하다. 주소 서울 중구 수표로 48-12 문의 0507-1324-1196 「 명성관 」... 중국 가정식 요리와 고량주, 와인, 샴페인, 칵테일, 국내 생맥주까지 다양한 주류와 함께 맛볼 수 있는 중식당..."
54,2020.11.03.,한겨레21언론사 선정,"[역사극장] 차마 적지 못했네, 죽은 아들 이야기는",가슴에 울화가 치밀어 오른 김창숙은 고량주 한 두름을 혼자 다 마시고 대취해 혼수상태에 빠졌다. 깨어나니 저녁 무렵이었다. 옆 사람에게 물었더니 이미 이틀이나 지난 뒤였다고 한다. 그게 시작이었다. 이때부터...
55,2020.11.02.,중앙일보,"김종인, 野 막걸리 회동서 ""서울시장 선거, 부동산·세금이 최대 이슈""",참석자들은 만찬에서 막걸리 10여병과 주호영 원내대표가 가져온 큰 고량주 2병을 나눠 마셨다고 한다. 이날 만찬에 참석한 또 다른 인사는 “식사 자리에서 김 위원장에 대한 불만의 목소리는 별로 나오지 않았다”며...
56,2020.11.02.,월간노동법률,"[기자식당] 중국과 유럽 그 사이 어딘가, 창의력이 돋보였던 다이닝후(Dining...","고량주, 와인, 맥주는 물론 다른 식당에서 쉽게 볼 수 없는 전통주도 함께 맛볼 수 있었다. 주류는 6,000원부터 8만원대까지 가격대가 매우 다양하다. ▲(좌)시그니처 메뉴 중 하나인 '핑크불렀어?' (우))메뉴명 '니가 알던 내가..."
57,2020.10.29.,뉴스핌,"[10/29 중국증시종합] 5중전회 정책 수혜 기대감, 상하이지수 0.11%↑","특히, 바이주(白酒·고량주) 섹터의 강세가 두드러졌는데 그 중 우량예(五粮液), 루저우라오쟈오(州老), 주구이주(酒鬼酒) 등이 사상 최고가를 경신했다. 이날 중국 증시에는 5중전회 폐막일인 이날 저녁 공개될..."
58,2020.10.27.,뉴스핌,"[중국 주식] 중국 우주비행사가 먹는 우유, 품질보증 '멍뉴유업'","전문가들은 식품음료 업종 중에서도 올해 큰 인기를 끈 고량주(백주)를 비롯해 유제품 업종의 성장성에 주목한다. 적정한 수준의 밸류에이션(가치대비 주가수준) 매력을 보유하고 있다는 점, 업계 전반적으로..."
59,2020.10.26.,뉴스핌,"[10/26 중국증시종합] 5중전회 기대감, 관망세 지속에 혼조세","업종별로는 금융과 고량주(백주), 제지, 부동산, 식품음료 업종이 약세를 주도했다. 반면 전기계기, 태양광, 스마트 그리드 등 에너지 테마주가 강세를 드러냈다. 특히, 고량주 업종을 대표하는 종목으로서 중국..."
60,2020.10.26.,ㅍㅍㅅㅅ,중국 골목 속 감성! 차이니즈 바 신흥 강자 5곳,"몽환적인 분위기 속에서 맛깔스러운 음식과 고량주, 와인, 맥주, 소주 등 다양한 주류를 곁들일 수 있어... 부드러운 육회에 스며든 마라 풍미, 왕십리 ‘용용선생’ 매장정보 바로 가기 ‘용용선생’은 고량주를..."
61,2020.10.26.,헤럴드경제,"입식격투기 MAX FC, 수성고량주와 스폰서십 체결",국내 유일 고량주 제조·유통회사 수성고량주(대표 이승로)가 국내 최대 입식격투기 단체 MAX FC(대표 이용복)를 후원한다고 26일 발표했다. 수성고량주는 60년 전통의 대구 소재 고량주 전문 회사다. 올해 대구에서...
62,2020.10.26.,뉴스핌,[뉴스핌 뉴스레터] 차이나 뉴스브리프 26일,"공표>란 톱기사와 함께 ▲중국 증시, '5중전회 랠리' 기대...에너지·반도체 등 수혜 ▲고량주 섹터 활황, 귀주모태 3분기 실적 '맑음' ▲[주간 중국 증시브리핑] 5중전회10월 경제지표, A주 상승 기대감↑ 등이 담겼습니다."
63,2020.10.26.,RANK5,'대구산' 수성고량주 칸스포츠 MAXFC 21 전격 후원,"이승로 수성 고량주 대표와 안상욱 맥스FC 이사 국내 유일 고량주 제조,유통사 수성고량주(대표 이승로)가 입식격투기 단체 맥스FC(대표 이용복)를 후원한다. 수성고량주는 대구에 위치한 60년 전통의 고량주..."
64,2020.10.26.,뉴스핌,"고량주 섹터 활황, 귀주모태 3분기 실적 '맑음'",중국 고량주 분야 대표 종목으로 꼽히는 귀주모태(貴州茅台·600519)가 25일 밤 3분기 실적을 발표했다. 이... 고량주 수요가 급증하는 중추절(추석)과 국경절 연휴가 끝난 후에도 귀주모태의 소매가는 크게...
65,2020.10.26.,마이데일리,"수성고량주, 칸스포츠 MAX FC 21 전격 후원","국내 유일 고량주 제조, 유통회사 수성고량주가 국내 최대 입식격투기 단체 MAX FC를 전격 후원한다. MAX FC는 26일 ""수서고량주의 후원을 받게 됐다. 수성고량주는 대구에 소재한 60년 전통의 고량주 전문 회사다...."
66,2020.10.25.,매일신문,새마을문고중앙회 대구북구지회 '2020 부키야 놀자' 개최,새마을문고중앙회 대구시 북구지회(회장 이승로 수성고량주 대표)는 '아이들과 함께하는 2020부키야 놀자'(부키야 놀자)를 개최한다. '부키'는 대구 북구를 상징하는 부엉이 캐릭터 이름으로 북구의 아이들을 의미한다. 올해...
67,2020.10.24.,이데일리,"[지방 잡는 식단]지방흡입 후 음주습관, 어떻게 해야 하나요?","맥주가 가장 좋고, 소주·양주·고량주 순이다. 음주 시에는 물을 충분히 마셔 알코올 배출을 돕고 음주 횟수를 조금씩 줄일 수 있다. 상대방과 대화를 많이 하는 것도 한 방법이다. 술안주를 고를 때에는 기름진 음식보다..."
68,2020.10.24.,브릿지경제,[브릿지경제 신간(新刊) 베껴읽기] <아홉잔의 중국술 이야기> 정윤철 외,* 중국의 증류주들 ‘소주부터 빼갈 고량주까지’ - 소주는 중국 증류주의 옛 명칭으로 당나라 때 문헌에... 고량주는 수수를 주원료로 증류한 백주를 말한다. 수수를 중국어로 고량(高粱)이라고 한다. 한국인이 즐기는...
69,2020.10.22.,뉴스핌,"[10/22 중국증시종합] 코로나 불확실성·미중 갈등 확대, 상하이지수 0.38%↓","업종별로는 백주(고량주), 신에너지 자동차 업종의 종목을 비롯해 증권, 3세대 반도체, 앤트그룹 테마주 등이 강세를 나타냈다. 반면 백신, 양자기술, 가축양식, 방직 업종의 종목이 약세를 주도했다. 미중..."
70,2020.10.14.,인사이트,10월 14일 '와인데이'에 같이 술 한잔 하고픈 '애주가' 남돌 6인,"강다니엘은 최근 KBS2 '신상출시 편스토랑'에 출연해 ""양주, 소주, 맥주, 고량주를 좋아한다""며 그중에서도 테킬라와 위스키를 가장 좋아하는 술로 꼽았다.팬들은 한 가지 종류만 좋아하는 게 아니고 여러 종류의 술을..."
71,2020.10.13.,단비뉴스,아이언맨과 슈퍼맨은 왜 거길 갔을까,꿔바로우와 고량주가 가득한 차이나타운을 생각하면 오산이다. 도시에는 낮은 연립 주택이 듬성듬성 서있다. 도로에는 오가는 차가 별로 없고 주요 길목마다 군사시설을 알리는 경고판과 안내판이 있다. 저 부대...
72,2020.10.13.,뉴스핌,"[10/13 중국증시종합] 경제 정상화 가속, 상하이지수 0.04%↑","고량주(백주) 종목 또한 1.6%의 눈에 띄는 상승폭을 기록, 양허구펀(洋河股 002304.SZ)이 전거래일 대비 8.97%, 주구이주(酒鬼酒 000799.SZ)가 4.49% 급등했다. 이날 중국 증시 상승세는 9월 수출입 지표가 양호한 결과를..."
73,2020.09.28.,KOTRA해외시장뉴스,2020 중국 혼밥·혼술시대,(江小白) 고량주 30~40 자료: KOTRA 난징 무역관 종합 이러한 추세에 발맞춰 각 관련 브랜드들 역시 관련된 제품들을 빠르게 늘려가며 시장에서의 점유율을 확대하기 위해 노력하고 있다. 특히 외식업체들의 경우도...
74,2020.09.28.,메종,쿠킹 클래스에서 만난 굴소스의 맛,소스와 섞거나 찍어 먹거나 등등 정말이지 다양한 용도로 활용할 수 있는 소스야말로 만능 소스라는 별명을 얻을 만하다. 굴소스를 넣고 휘리릭 볶아낸 청경채 한 접시에 깔끔한 고량주 한잔. 지금 너무나도 간절한 맛이다.
75,2020.09.25.,아주경제,[중국 마이종목] '얼궈터우' 순신농업 저가酒 경쟁력 우위,"[편집자 주] 중국 저가 바이주(白酒, 고량주) 얼궈터우(二鍋頭) 제조업체로 유명한 중국 순신농업(順鑫農業, 000860, 선전거래소)의 저가 고량주 사업, 특히 저가 중심의 미포장술(光瓶酒) 사업이 더욱 성장할..."
76,2020.09.24.,매일신문언론사 선정,"'1.8L 금복주·LP…' 옛 물건 수집가 유영훈 씨 ""생활 전시관 계획""","또 양주, 고량주 병도 모으고 있다. 그가 현재까지 수집한 술병만 1만여 점이 넘는다. 그는 ""술병을 모으다 보니 관련된 제품들도 함께 모으고 있다""며 ""김천의 한 양조장에서 나무 말통을 구했는데 이것은 과거 지게를 지고..."
77,2020.09.23.,서울경제,"[리뷰]'죽지않는 인간들의 밤', 대놓고 투 머치·작정한 B급 소동극","외계 생명체 언브레이커블 만길은 주유소에서 경유를 들이켜고, 고량주 40병을 한 번에 해치우고, 21시간 연속 여자들을 만나는 등의 설정으로 어디에서도 본 적 없는 캐릭터를 만들어냈다. 또 언브레이커블의 정체를..."
78,2020.09.23.,뉴스토마토,"(무비게이션)‘죽지않는 인간들의 밤’, 어디서 터질지 ‘예측불가능’","고량주 40병을 거뜬하게 해치우고, 21시간 연속 여자들을 만나며 남성미를 풍기는 행각. 주유소에서 경유를 들이켜고, 아내 소희와의 사이에서 드러내는 지칠 줄 모르는 스태미나 등등. 이미 만길의 정체를 알고 들어간..."
79,2020.09.12.,이뉴스투데이,"[안병익의 식신 맛집] 천상의 맛, 인생 중국집을 만나다! 중국요리 신흥강자 ...","ㅎㅎ 고량주도 여러 개 있어서 추천받아 먹었는데 역시 중국 음식과 찰떡궁합이네요. ◇느긋하게 즐기는 미식의 시간, 종로 '중심' '중심'은 한국인의 입맛에 맞춰 광동식 요리를 선보이는 곳이다. 셰프가 직접 뽑아내는..."
80,2020.09.10.,뉴스핌,"[9/10 중국증시종합] 미중 긴장고조 우려, 상하이지수 0.61%↓","업종별로는 보험과 백주(白酒고량주) 업종이 강세를 나타냈다. 대표적으로 중국 최대 생명보험사인 차이나라이프(中國人壽중국생명보험 601628.SH)가 3% 이상 올랐고, 고량주 테마주인 귀주모태(貴州茅臺 600519)..."
81,2020.09.10.,뉴스핌,"중국 A주 상장사 10년의 변화 '상장기업 4000곳, 시총 1.3경 돌파'","고량주(백주) 제조업체 루저우라오자오(瀘州老노주노교 000568.SZ)가 상장일 주가 대비 470배나 올랐고, 유제품 제조업체 이리구펀(伊利股이리유업이리실업 600887.SH)과 고량주 제조업체 귀주모태의 주가가 350배..."
82,2020.09.09.,파이낸셜뉴스,"수성고량주, 프리미엄 '백주43' 리뉴얼 '눈길'","수성고량주는 최고급 프리미엄 '백주43'(500㎖, 43도) 리뉴얼 출시 했다고 9일 밝혔다. 프리미엄 '백주43'은... 프리미엄급 백주로 중국의 마오타이, 수정방등과 시장에서 경쟁할 수 있는 제품이라는 수성고량주 관계자..."
83,2020.09.08.,대구신문,붉은 수수 발효 증류 '프리미엄 백주43','프리미엄 백주43' 수성고량주 제공 대구지역 향토기업인 수성고량주가 지난해 말 '프리미엄 백주 리뉴얼'에 이어 추석을 앞두고 최고급 '프리미엄 백주 43 리뉴얼'을 출시했다고 8일 밝혔다. '프리미엄 백주 43 리뉴얼'은...
84,2020.09.04.,프레시안언론사 선정,"""노회찬 때문에 왔어요""...흰짬뽕 한그릇에 담긴 이야기","고량주, 막걸리, 소맥의 추임새. 창원의 '짠한' 하루를 정성을 다해 이끌어 주신 분들은 정의당 도당위원장이자 창원시의회 부의장 노창섭, 정의당 경남도당 사무처장 김순희, 20대 총선 노회찬선거본부 자원봉사단장..."
85,2020.09.01.,아시아경제,[드링킷] 와인은 프랑스만의 전유물일까?,"중국의 와인 고량주(바이주), 칭따오, 하얼빈 맥주 등 세계적으로 잘 알려진 술을 보유하고 있는 중국. 중국에서 떠오르고 있는 와이너리 두 곳을 소개한다. [ HELAN MOUNTAIN 와이너리 ] 농업과 유목을 목적으로 분리되어..."
86,2020.09.01.,아주경제,[중국증시]우량예 거침없는 주가 상승세 배경,우량예는 마오타이와 함께 중국 양대 고급 바이주(고량주) 대명사로 꼽히는 주류기업이다. 1일 중국 현지 매체 펑파이신문(澎湃新聞)에 따르면 우량예의 올 들어 현재까지 주가 상승률은 80%를 돌파했다. 같은 기간...
87,2020.09.01.,아주경제,"[중국증시] 9월 주목할 세가지 ""저평가·소비·가격상승""","특히 중국 바이주(白酒·고량주) 기업 우량예는 모두 3곳 증권사(국신증권, 서남증권, 저상증권)가 추천종목으로 꼽혔다. 기관들은 또 은행·보험주가 저평가됐다며 추천종목으로 꼽았다. 중신증권은 이들 업종이..."
88,2020.09.01.,아시아경제,[드링킷] 와인은 프랑스만의 전유물일까?,"중국의 와인 고량주(바이주), 칭따오, 하얼빈 맥주 등 세계적으로 잘 알려진 술을 보유하고 있는 중국. 중국에서 떠오르고 있는 와이너리 두 곳을 소개한다. [ HELAN MOUNTAIN 와이너리 ] 농업과 유목을 목적으로 분리되어..."
89,2020.09.01.,아주경제,[중국증시]우량예 거침없는 주가 상승세 배경,우량예는 마오타이와 함께 중국 양대 고급 바이주(고량주) 대명사로 꼽히는 주류기업이다. 1일 중국 현지 매체 펑파이신문(澎湃新聞)에 따르면 우량예의 올 들어 현재까지 주가 상승률은 80%를 돌파했다. 같은 기간...
90,2020.09.01.,아주경제,"[중국증시] 9월 주목할 세가지 ""저평가·소비·가격상승""","특히 중국 바이주(白酒·고량주) 기업 우량예는 모두 3곳 증권사(국신증권, 서남증권, 저상증권)가 추천종목으로 꼽혔다. 기관들은 또 은행·보험주가 저평가됐다며 추천종목으로 꼽았다. 중신증권은 이들 업종이..."
91,2020.08.31.,뉴스핌,"[8/31 중국증시종합] 상하이종합지수 0.24%↓,3400포인트 붕괴","섹터별로는 디지털화폐 및 백주(고량주) 분야가 강세를 보였고, 농업 섹터는 하락세를 나타냈다. 한편 인민은행은 이날 달러 대비 위안화 기준환율은 전 거래일 대비 0.42% 내린 (위안화 가치 절상) 6.8605 위안으로..."
92,2020.08.28.,뉴스핌,"[8/28 중국증시종합] 코로나 백신 생산 기대 상승, 상하이지수 1.6%↑","업종별로는 고량주(백주)와 맥주 등 주류 업종이 눈에 띄는 강세를 나타냈다. 반면 창업판 등록제 개혁 신주와 바이오, 염료, 환경보호 업종은 약세를 주도했다. 미국과 중국이 사흘째 남중국해에서 군사행동을..."
93,2020.08.27.,뉴스핌,[중국 핫스톡] 중국 넘어 세계 최대 은행으로 성장한 '공상은행',"하지만, 지난해 11월 21일 고량주 업종을 대표하는 귀주모태(貴州茅臺 600519.SH)에게 1위 자리를 뺏기기도 했다. 올해 6월에도 귀주모태는 또 다시 공상은행을 누르고 A주 최고 몸값을 자랑하는 '황제주'로 거듭났다...."
94,2020.08.20.,세계일보,"충북농업기술원 공무원 3명, ‘주경야독’으로 박사학위 취득","또, 메수수를 가공해 고량주 만드는 제품개발에도 이바지했다. 이규회(42) 연구사는 괴산군에서 씨감자 생산 체계를 구축하고 아프리카와 중앙아시아 등 개발도상국 농업 컨설팅을 통한 국제기술지원에 노력해 왔다. 이..."
95,2020.08.19.,동양일보,"주경야독, 충북농기원 박사 3명 동시 배출",메수수의 판로를 고량주 가공으로 방향을 잡고 제품 개발에 선도적 기여를 했다. 마지막으로 이규회(42·사진) 연구사는 괴산군에 근무할 당시 씨감자 생산체계를 구축해 종서를 공급하였을 뿐만 아니라 아프리카...
96,2020.08.19.,충청일보,'주경야독' 道농기원 연구직 3인충북대서 하반기 박사 학위 취득,"또 메수수 판로 방향을 고량주 가공으로 잡고 제품 개발에 선도적으로 기여했다. 이규회 농업연구사(42)는 괴산군 근무 당시 씨감자 생산 체계를 구축, 종서를 공급했을 뿐 아니라 아프리카, 중앙아시아 등 개발도상국..."
97,2020.08.19.,불교공뉴스,"주경야독, 충북농기원 박사 3명 동시 배출","또한, 메수수의 판로를 고량주 가공으로 방향을 잡고 제품 개발에 선도적 기여를 했다. 마지막으로 이규회 연구사(42)는 괴산군에 근무할 당시 씨감자 생산체계를 구축하여 종서를 공급하였을 뿐만 아니라 아프리카..."
98,2020.08.18.,인사이트,'요알못'도 집에서 뚝딱 만들 수 있는 백종원표 '집밥 레시피' 6,"거기에 완벽한 중화요리 비주얼에 절로 고량주가 떠오르게 만드는 장육 레시피도 화제다.돼지고기 앞다리살을 얇게 썰어 준비한 뒤, 냄비에 물과 베트남 고추, 진간장, 물엿, 맛술, 설탕, 후추, 노두유, 간 생강, 간 마늘..."
99,2020.08.16.,아시아경제,[드링킷] 홍콩 현지 느낌 충만한 맛집 5,"몽중인에서 만나볼 수 있는 특별한 술은 바로 고수 진토닉, 레드힙, 고량주 김릿 등 컨셉 칵테일이다. 이 외에도 다양한 술이 준비되어 있으니 애주가들은 기대해도 좋겠다. 천장지구 화제의 예능 프로그램 ‘하트시그널..."
100,2020.08.14.,톱스타뉴스,"[종합] '맛있는녀석들' 스페인X홍콩 요리 특집, 진짜배기 감바스 등장","돼지 목살을 생강즙, 고량주 등 18가지 재료에 숙성시킨 후 그 속재료를 넣은 따끈한 빵으로, 유민상은 냄새를 맡더니 ""아기 분유 냄새나""라고 말했다. 김민경과 문세윤도 한 입을 먹고서 감탄을 금치 못했고 김준현은..."
101,2020.08.12.,매일신문,새마을문고 대구 북구지회 신라천년의 향기 인문학기행,새마을문고 대구 북구지회(회장 이승로 수성고량주 대표)는 11일 '부키야놀자' 행사의 일환으로 경주 양동민속마을과 경주 문화엑스포를 탐방하는 신라 천년의 향기 인문학 기행을 열었다.
102,2020.08.11.,뉴스핌,[8/11 중국증시종합] 고조되는 미중 갈등에 상하이지수 1.15%↓,"업종별로는 농산품, 양식업, 백주(고량주), 방산, 희토류 테마주가 강세를 나타낸 반면 황금, 디지털화폐 테마주가 하락세를 주도했다. 이날 하락세는 극으로 치닫고 있는 미중 갈등에 따른 대외적 불안감이 투자..."
103,2020.08.10.,아시아경제,[드링킷] 양꼬치 초심자를 위한 양꼬치집 추천,"고량주도 좋지만, '하얼빈'이라는 가게 이름에 맞게 하얼빈 맥주를 주문하는 센스를 발휘해 보자. 길상양꼬치 밥집으로도, 술집으로도 손색이 없는 이곳은 신촌에 위치한다. 하얀 비주얼의 꿔바로우 대신, 감칠맛 나는..."
104,2020.08.06.,스타데일리뉴스,"설원(雪原) 고량주, KBS2 '출사표' 등장"," '설원'(雪原) 고량주가 드라마를 통해 대중적 인기 지수를 높이고 있다. 양꼬치 전문점, 중화요리점을 중심으로 판매 기반을 넓혀 온 '설원' 고량주는 KBS2 수목드라마 '출사표'에 제품을 협찬해 시청자 시선을..."
105,2020.08.05.,뉴스핌,"[중국 핫스톡] '백색가전의 王' 메이디, 가전 스마트화 선도",올해 상반기 중국 증시에서 연출된 상승세는 소비(제약과 고량주)와 과학기술(반도체)의 양대 업종이... SH)로 대표되는 백주(白酒고량주) 종목이 전체 소비 섹터의 강세를 견인하며 대표적 소비주로 떠올랐다. 이에...
106,2020.08.05.,공감신문,"설원(雪原) 고량주, KBS2 ‘출사표’ 등장! 애주가 눈길 끌어","양꼬치 전문점, 중화요리점을 중심으로 판매 기반을 넓혀 온 ‘설원’ 고량주는 KBS2 수목드라마 ‘출사표’... ‘설원’ 고량주는 KBS2 주말드라마 ‘세상에서 제일 예쁜 내 딸’, iMBC 웹드라마 ‘두부의 의인화’에서도..."
107,2020.08.03.,인천투데이,[기획]평화의 섬 진먼도의 경험이 인천에 주는 시사점,천연기념물 수달이 특산품 진먼고량주를 안고 있다. 우선 이름 있는 전장과 폐허가 된 군 시설을 승전을... 군인에게 보급하기 위해 재래식 공법으로 제조한 진먼고량주는 지역을 대표하는 특산품이 됐다. 또한 중국이...
108,2020.08.01.,마이데일리,"'편스토랑' 한지혜→홍진영, 본격 메뉴 개발 시작…강다니엘 스페셜MC 출격 [...","""강다니엘 씨도 술을 가끔 하시냐""는 MC 도경완의 물음에 ""좋아한다""고 답한 강다니엘은 ""양주, 소주, 맥주, 고량주를 좋아한다. 제일 좋아하는 술은 데킬라랑 위스키다. 올리브랑 함께 먹는다""라고 밝혀 눈길을 모았다...."
109,2020.08.01.,뉴스엔,"강다니엘 애주가 면모 “술 좋아해, 데킬라 위스키 젤 좋아”(편스토랑)[결정...","양주도 좋아하고 소주, 맥주, 고량주도 좋아한다”며 “데킬라와 위스키를 제일 좋아한다. 데킬라는 올리브 안주와 함께 먹는다”고 답했다. 도경완은 분위기 있게 데킬라, 위스키에 올리브 안주를 먹는 강다니엘..."
110,2020.08.01.,뉴스엔,"‘편스토랑’ 기획사대표 홍진영, 강남 사무실 최초 공개 [어제TV]","고량주도 좋아한다. 제일 좋아하는 건 데킬라랑 위스키다. 데킬라는 올리브랑 먹는다”고 애주가임을 밝혔다. 이영자는 메뉴 연구를 위해 포장마차를 찾았다. 이영자는 골뱅이 무침, 닭 모래주머니 요리를 주문해 안주..."
111,2020.08.01.,마이데일리,"'편스토랑' 강다니엘 ""제일 좋아하는 술? 데킬라와 위스키"" 애주가 면모","또한 도경완이 ""강다니엘 씨도 술을 가끔 하시냐""고 묻자 ""좋아한다""고 답한 강다니엘은 ""양주, 소주, 맥주, 고량주를 좋아한다. 제일 좋아하는 술은 데킬라랑 위스키다. 올리브랑 함께 먹는다""고 밝혀 눈길을 모았다...."
112,2020.08.01.,마이데일리,"'편스토랑' 한지혜→홍진영, 본격 메뉴 개발 시작…강다니엘 스페셜MC 출격 [...","""강다니엘 씨도 술을 가끔 하시냐""는 MC 도경완의 물음에 ""좋아한다""고 답한 강다니엘은 ""양주, 소주, 맥주, 고량주를 좋아한다. 제일 좋아하는 술은 데킬라랑 위스키다. 올리브랑 함께 먹는다""라고 밝혀 눈길을 모았다...."
113,2020.08.01.,뉴스엔,"강다니엘 애주가 면모 “술 좋아해, 데킬라 위스키 젤 좋아”(편스토랑)[결정...","양주도 좋아하고 소주, 맥주, 고량주도 좋아한다”며 “데킬라와 위스키를 제일 좋아한다. 데킬라는 올리브 안주와 함께 먹는다”고 답했다. 도경완은 분위기 있게 데킬라, 위스키에 올리브 안주를 먹는 강다니엘..."
114,2020.08.01.,뉴스엔,"‘편스토랑’ 기획사대표 홍진영, 강남 사무실 최초 공개 [어제TV]","고량주도 좋아한다. 제일 좋아하는 건 데킬라랑 위스키다. 데킬라는 올리브랑 먹는다”고 애주가임을 밝혔다. 이영자는 메뉴 연구를 위해 포장마차를 찾았다. 이영자는 골뱅이 무침, 닭 모래주머니 요리를 주문해 안주..."
115,2020.08.01.,마이데일리,"'편스토랑' 강다니엘 ""제일 좋아하는 술? 데킬라와 위스키"" 애주가 면모","또한 도경완이 ""강다니엘 씨도 술을 가끔 하시냐""고 묻자 ""좋아한다""고 답한 강다니엘은 ""양주, 소주, 맥주, 고량주를 좋아한다. 제일 좋아하는 술은 데킬라랑 위스키다. 올리브랑 함께 먹는다""고 밝혀 눈길을 모았다...."
116,2020.07.31.,뉴스핌,"[7/31 중국증시종합] '경기 회복 가속화' 상하이지수 0.71%↑, 월간 10.9%↑","업종별로는 백신, 소비전자, 증권 등이 강세를 나타낸 반면 방산, 호텔 및 외식, 고량주(백주) 등이 약세를 주도했다. 이날 공개된 제조업 경기지표가 시장 전망을 웃도는 개선세를 보이면서 경제회복에 대한..."
117,2020.07.31.,MBN,"'정희' 이석훈X이하이, 그루브 넘치는 라이브 콜라보 '반응 폭발'","그러자 김신영은 ""다음날 여유가 있으면 바로 연태 고량주 간다""라고 말해 웃음을 자아냈습니다. 이석훈은 ""저는 술을 잘 안먹고 잘 못먹는다. 근데 고량주는 괜찮다""라고 했고 김신영은 ""각자 맞는 술이 있다니까""라며..."
118,2020.07.31.,매일경제,`정희` 이석훈X이하이 밝힌 #고량주 #킹키부츠 #비긴어게인(종합),"그러자 김신영은 ""다음날 여유가 있으면 바로 연태 고량주 간다""라고 말해 웃음을 자아냈다. 이석훈은 ""저는 술을 잘 안먹고 잘 못먹는다. 근데 고량주는 괜찮다""라고 했고 김신영은 ""각자 맞는 술이 있다니까""라며 ""곡주나..."
119,2020.07.31.,TV리포트,"'정희' 이석훈X이하이, 음색 킹&퀸의 솔직담백 이야기 #고량주 #신곡 #예능욕...","마실 자리도 없다""는 이석훈은 ""그런데 고량주는 또 괜찮다""고 말했다. 2년 만에 뮤지컬 '킹키부츠' 무대에 다시 오르게 된 이석훈은 ""아시는 분들은 아는 작품이고, 좋다고 소문도 많이 났다. 뮤지컬이 궁금한 분들에게..."
120,2020.07.31.,헤럴드POP,"'정희' 이석훈 ""타투한 것 후회→상담 받아""..이하이 ""'아침마당' 섭외 전화달...","잘 마실 자리도 없다""라면서 ""고량주가 그래도 괜찮다. 소주는 3잔 마시면 취한다. 맥주도 500cc를 다 못 마신다""고 말했다. 뮤지컬 '킹키부츠'에 출연하는 이석훈은 ""뮤지컬이 처음이라면 굉장히 좋을 거라고 생각한다""며..."
121,2020.07.31.,매일경제,"`정희` 이석훈 ""주량? 소주 세 잔은 힘든데 고량주는 괜찮더라""","할 일이 많아서 술을 잘 안 먹는다""고 말하자 김신영은 ""다음날 여유가 있으면 바로 연태 고량주 간다""라고 말해 웃음을 자아냈다. 이석훈은 ""저는 술을 잘 안먹고 잘 못먹는다. 근데 고량주는 괜찮다""라고 했고..."
122,2020.07.31.,셀럽미디어,"'정희' 이하이 ""요즘 혼술 즐기지 않아…다음날 숙취""",이석훈은 주량에 대해 “술을 안 먹고 잘 못 먹기도 하는데 희한하게 그나마 고량주는 괜찮더라. 저는 소주 3잔을 먹으면 취하고 맥주도 500cc까지는 먹는다”라고 말했다. [더셀럽 / 사진=MBC FM4U ‘정오의 희망곡...
123,2020.07.31.,뉴스핌,[중국 핫스톡] 유제품 업계의 귀주모태 '이리구펀',"대표적 소비주인 고량주(백주)를 대표하는 종목이라고 하면 '귀주모태(貴州茅臺)'를 떠올리듯 또 다른 대표 소비주인 식품음료, 그 중에서도 유제품 업종을 대표하는 종목으로는 이 기업을 꼽는다. 중국 대표..."
124,2020.07.28.,뉴스핌,[7/28 중국증시종합] 단기 조정 관측 속 상하이지수 0.71%↑,"업종별로는 디지털화폐를 필두로 식품과 백주(고량주) 종목이 강세를 나타냈고, 면세점 테마주 또한 오후 들어 상승세로 전환됐다. 대표적으로 면세점 대표주 중 하나인 중국중면(中國中免CDF, 601888.SH)의 주가는 3..."
125,2020.07.27.,인천투데이,"[기획] 대만 진먼도, 양안을 잇는 가교가 되다",진먼다오는 관광객 급증에 대처하고 지역 주력 산업인 고량주 생산량을 늘리기 위해서는 고질적 문제인 물 부족 해결이 절실했다. 진먼ㆍ대륙 통수(通水)로 이 문제를 타개하고자 한 구상은 양안 간 교류협력이 최고조에...
126,2020.07.25.,이뉴스투데이,[안병익의 식신 맛집] 강렬하고 붉은 홍콩 골목 속 감성! 차이니즈 바 신흥강...,"몽환적인 분위기 속에서 맛깔스러운 음식과 고량주, 와인, 맥주, 소주 등 다양한 주류를 곁들일 수 있어... ◇부드러운 육회에 스며든 마라 풍미, 왕십리 '용용선생' '용용선생'은 고량주를 일상적으로 즐길 수 있는..."
127,2020.07.22.,뉴스핌,"[7/22 중국증시종합] 제약·바이오섹터 강세, 상하이종합지수 0.37%↑","섹터별로는 제약·바이오,백주(고량주) 업종의 상승세가 두드러졌고, 보험 및 부동산 업종은 하락세를 보였다. 대형주로 구성된 지수는 오름세를 보였다. 상하이50지수(SSE50), 선전(CSI) 300지수는 각각0.14%,0.50..."
128,2020.07.20.,뉴스핌,"[주간 중국 증시브리핑] 상반기 상장사 실적, LPR 금리 발표에 투자자 촉각",특히 백주(고량주) 종목인 우량예(五粮液·000858)에서 가장 많은 외국인 투자금이 빠져나간 것으로 조사됐다. 해외 투자자들은 한 주간 38억 800만 위안 규모의 우랑예 주식을 매도했다. 우랑예는 시총 규모 8000억...
129,2020.07.16.,충청타임즈,오송 분기역과 통합 청주시 숨은 주역 `기자들',"중국 고량주, 소주와 맥주 등 5가지 술을 섞은 오송주는 그 후엔 먹어본 적이 없지만 아직도 그 자리에서 기자들에게 고마움을 전하면서 일일이 이 술을 권했던 이 지사의 모습이 기억납니다. # 청주시와 청원군의 통합은..."
130,2020.07.16.,뉴스핌,"[7/16 중국증시종합] '경제 회복'도 누른 '미중 갈등' 우려, 상하이지수 4.5%...","대부분의 업종이 하락세를 기록한 가운데 그간 강세장 흐름을 주도해 왔던 고량주(백주) 업종이 9%에 달하는 낙폭을 기록했다. 이밖에 증권사, 여행, 바이오 백신 등의 업종이 큰 폭의 하락세를 보였다. 이날..."
131,2020.07.16.,뉴스핌,[7/16 중국증시 오후시황] 2분기 GDP 호조에도 상하이종합 지수 4% 이상 폭락,이날 섹터별로는 백주(고량주) 및 증권섹터가 폭락세를 보였다. 이중 귀주모태(貴州茅臺 600519)의 주가도 7% 넘게 빠지는 등 백주 섹터는 큰 폭의 하락세를 보였다. 이와 관련해 차이신(財信) 증권은 상반기 백주 업종...
132,2020.07.15.,뉴스핌,"[7/15 중국증시종합] 미중 갈등 우려, 상하이지수 3400선 붕괴","금융과 고량주(백주) 업종도 1% 이상씩 뛰었다. 반면, 반도체 업종은 6% 가까이 하락했고, 수리건설과 5G 업종이 4% 이상 내려갔다. 이날 중국 증시의 하락세는 미중 갈등 문제가 또 다시 불거지면서 대외적 불안감을..."
133,2020.07.14.,한국농어민신문,"응암동 전통주거리, 거듭나나",현재 가게에서 판매 중인 고량주 대신 손님들에게 전통주를 드셔보라고 권해볼 예정이다”고 말했다. 이날 교육에서는 전통주거리 활성화를 위한 지원 사업이 단발성 행사가 아닌 지속적인 홍보와...
134,2020.07.02.,뉴스핌,"코로나19도 물리친 중국증시 고량주 열풍, 하반기에도 쭉~",중국 증시에서 고량주(중국식 표현: 백주·白酒) 열풍이 불고 있다. 귀주모태(貴州茅台·구이저우마오타이)를 필두로 고량주 테마주의 주가가 코로나19 사태에도 아랑곳하지 않고 강한 상승세를 지속 중이다. 많은...
135,2020.07.01.,충청타임즈,주류도 음식배달때 주문 가능해진다,국세청이 통신판매가 허용되는 주류배당 기준을 명확히 함에 따라 앞으로는 족발·치킨·보쌈·탕수육 등을 주문할 때 그 값을 넘지 않는 범위에서 소주·맥주·막걸리·고량주 등을 함께 시켜도 된다. 한편 대형매장(마트)용...
136,2020.07.01.,조선일보언론사 선정,1치킨 맥최몇? 치킨 배달시킬 때 맥주는 최대 몇잔,"중국집에서 1만8000원짜리 탕수육을 시키면, 1만원짜리 연태 고량주와 4000원짜리 이과두주 2병을 시킬 수 있다. 기사 때문에 계산을 해봤지만, 생각만해도 배가 부르고, 머리가 아파온다. 문제는 와인. 요즘 2030세대..."
137,2020.07.01.,뉴스투데이,"국세청 주류 규제 개선방안 시행, 음식값 넘지 않는 수준에 주류 주문 가능","이에 치킨·족발·보쌈·탕수육 등을 주문하면서 주류를 함께 주문하는 경우, 음식 가격의 50% 이내에서 맥주·소주·막걸리·고량주 등을 주문할 수 있게 된다. 국세청은 또한 △주류 OEM 허용 △주류 첨가재료 확대 △전통주..."
138,2020.07.01.,뉴스토마토,이달부터 치킨배달 2만원에 술 2만원 주문가능,"이에 따라 치킨, 족발 등 배달 음식을 주문할 때 총 주문 금액 중 50% 이하로 소주, 맥주, 고량주 등 모든 주류를 시킬 수 있다. 예컨대 2만원짜리 치킨을 시킬 경우 생맥주 등 주문할 수 있는 주류 가격은 2만원 이하다...."
139,2020.07.01.,뉴스핌,"[7/1 중국증시종합] 제조업 경기 회복세, 상하이지수 1.38%↑","업종별로는 부동산, 고량주(백주), 금융, 건축자재가 강세를 나타낸 반면 의료기계, 포토레지스트, 화학제약 등의 업종은 약세를 보였다. 이날 증시 상승세는 홍콩 국가보안법이 정식 시행되며 미중 갈등 격화..."
140,2020.07.01.,전남일보,'족발 1만원+소주 1만원' 배달 주문 가능해진다,국세청이 기준을 명확하게 바꿈에 따라 앞으로는 족발·치킨·보쌈·탕수육 등을 주문할 때 그 값을 넘지 않는 범위에서 소주·맥주·막걸리·고량주 등을 함께 시켜도 된다.'대형 매장(마트)용' 희석식 소주·맥주는...
141,2020.07.01.,머니투데이,술 공장에서 화장품 만들 수 있다,"치킨+맥주, 족발+소주, 보쌈+막걸리, 탕수육+고량주 판매가 공식적으로 허용된다는 의미다. 다만 음식점에서 1회당 총 주문받은 금액 중 주류판매 금액이 50% 이하인 주류만 가능하다. 음식값보다 술값이 더 많은 판매만..."
142,2020.07.01.,MTN,"치킨 2만원에 생맥주 2만원 주문 가능해진다...국세청, 주류 규제 개선",하지만 기준이 명확하지 않다는 지적이 끊이지 않았다.이에 국세청은 앞으로 배달음식을 주문할 때 음식 값을 넘지 않는 범위에서 소주·맥주·막걸리·고량주 등의 주류를 시켜도 된다고 규정했다.대형 매장용 소주와 맥주...
143,2020.07.01.,데일리한국,'치맥' 주문시…치킨값 만큼 맥주 배달된다,"즉 치킨, 족발, 보쌈, 탕수육 등을 주문 시 주류를 함께 주문하는 경우 음식 가격의 50% 이내에서 맥주, 소주, 막걸리, 고량주 등을 주문할 수 있다. 주류 제조시설을 이용하거나 주류 부산물을 사용해 음료, 빵, 화장품 등도..."
144,2020.07.01.,톱스타뉴스,오늘부터 '족발 1만원+소주 1만원' 배달 주문 가능해진다,국세청이 기준을 명확하게 바꿈에 따라 앞으로는 족발·치킨·보쌈·탕수육 등을 주문할 때 그 값을 넘지 않는 범위에서 소주·맥주·막걸리·고량주 등을 함께 시켜도 된다. 한편 '대형 매장(마트)용' 희석식 소주·맥주는...
145,2020.07.01.,뉴시스,오늘부터 '족발 1만원+소주 1만원' 배달 주문 가능해진다,국세청이 기준을 명확하게 바꿈에 따라 앞으로는 족발·치킨·보쌈·탕수육 등을 주문할 때 그 값을 넘지 않는 범위에서 소주·맥주·막걸리·고량주 등을 함께 시켜도 된다. 한편 '대형 매장(마트)용' 희석식 소주·맥주는...
146,2020.07.01.,부산일보,치킨·족발 등 시킬 때 술은 음식가격 이하로 배달 가능,"예를 들어 치킨과 맥주, 족발과 소주, 탕수육과 고량주 등을 함께 시키는 경우가 흔했다. 그런데 이 경우 배달가능한 술의 수량과 가격에 대해 혼란이 있었다. 예를 들어 치킨 1마리를 시키는데 생맥주 500mL 3병을 함께..."
147,2020.07.01.,조선비즈,주류 제조시설 활용해 음료·빵·화장품 생산 가능해진다,"치킨, 족발, 보쌈, 탕수육 등을 주문 하면서 주류를 함께 주문하는 경우 음식 가격의 50% 이내에서 맥주, 소주, 막걸리, 고량주 등을 주문할 수 있게 된다. 국세청은 지난달 19일 발표한 규제개선안 중 ▲주류 OEM 허용 ▲주류..."
148,2020.07.01.,뉴스핌,중국 증권사 선정 '7월 A주 추천 종목'...식품음료 최다,"두 곳 이상의 증권사가 추천한 11개 '7월 투자 종목' 중 가장 많은 3개 종목이 식품 음료 업종에 속하는 것으로 조사됐다. 이리구펀, 안기효모, 중국 대표 고량주(백주) 제조업체 우량예(五糧液 000858.SH)가 그것이다."
149,2020.07.01.,충청타임즈,주류도 음식배달때 주문 가능해진다,국세청이 통신판매가 허용되는 주류배당 기준을 명확히 함에 따라 앞으로는 족발·치킨·보쌈·탕수육 등을 주문할 때 그 값을 넘지 않는 범위에서 소주·맥주·막걸리·고량주 등을 함께 시켜도 된다. 한편 대형매장(마트)용...
150,2020.07.01.,조선일보언론사 선정,1치킨 맥최몇? 치킨 배달시킬 때 맥주는 최대 몇잔,"중국집에서 1만8000원짜리 탕수육을 시키면, 1만원짜리 연태 고량주와 4000원짜리 이과두주 2병을 시킬 수 있다. 기사 때문에 계산을 해봤지만, 생각만해도 배가 부르고, 머리가 아파온다. 문제는 와인. 요즘 2030세대..."
151,2020.07.01.,뉴스투데이,"국세청 주류 규제 개선방안 시행, 음식값 넘지 않는 수준에 주류 주문 가능","이에 치킨·족발·보쌈·탕수육 등을 주문하면서 주류를 함께 주문하는 경우, 음식 가격의 50% 이내에서 맥주·소주·막걸리·고량주 등을 주문할 수 있게 된다. 국세청은 또한 △주류 OEM 허용 △주류 첨가재료 확대 △전통주..."
152,2020.07.01.,뉴스토마토,이달부터 치킨배달 2만원에 술 2만원 주문가능,"이에 따라 치킨, 족발 등 배달 음식을 주문할 때 총 주문 금액 중 50% 이하로 소주, 맥주, 고량주 등 모든 주류를 시킬 수 있다. 예컨대 2만원짜리 치킨을 시킬 경우 생맥주 등 주문할 수 있는 주류 가격은 2만원 이하다...."
153,2020.07.01.,뉴스핌,"[7/1 중국증시종합] 제조업 경기 회복세, 상하이지수 1.38%↑","업종별로는 부동산, 고량주(백주), 금융, 건축자재가 강세를 나타낸 반면 의료기계, 포토레지스트, 화학제약 등의 업종은 약세를 보였다. 이날 증시 상승세는 홍콩 국가보안법이 정식 시행되며 미중 갈등 격화..."
154,2020.07.01.,전남일보,'족발 1만원+소주 1만원' 배달 주문 가능해진다,국세청이 기준을 명확하게 바꿈에 따라 앞으로는 족발·치킨·보쌈·탕수육 등을 주문할 때 그 값을 넘지 않는 범위에서 소주·맥주·막걸리·고량주 등을 함께 시켜도 된다.'대형 매장(마트)용' 희석식 소주·맥주는...
155,2020.07.01.,머니투데이,술 공장에서 화장품 만들 수 있다,"치킨+맥주, 족발+소주, 보쌈+막걸리, 탕수육+고량주 판매가 공식적으로 허용된다는 의미다. 다만 음식점에서 1회당 총 주문받은 금액 중 주류판매 금액이 50% 이하인 주류만 가능하다. 음식값보다 술값이 더 많은 판매만..."
156,2020.07.01.,MTN,"치킨 2만원에 생맥주 2만원 주문 가능해진다...국세청, 주류 규제 개선",하지만 기준이 명확하지 않다는 지적이 끊이지 않았다.이에 국세청은 앞으로 배달음식을 주문할 때 음식 값을 넘지 않는 범위에서 소주·맥주·막걸리·고량주 등의 주류를 시켜도 된다고 규정했다.대형 매장용 소주와 맥주...
157,2020.07.01.,데일리한국,'치맥' 주문시…치킨값 만큼 맥주 배달된다,"즉 치킨, 족발, 보쌈, 탕수육 등을 주문 시 주류를 함께 주문하는 경우 음식 가격의 50% 이내에서 맥주, 소주, 막걸리, 고량주 등을 주문할 수 있다. 주류 제조시설을 이용하거나 주류 부산물을 사용해 음료, 빵, 화장품 등도..."
158,2020.07.01.,톱스타뉴스,오늘부터 '족발 1만원+소주 1만원' 배달 주문 가능해진다,국세청이 기준을 명확하게 바꿈에 따라 앞으로는 족발·치킨·보쌈·탕수육 등을 주문할 때 그 값을 넘지 않는 범위에서 소주·맥주·막걸리·고량주 등을 함께 시켜도 된다. 한편 '대형 매장(마트)용' 희석식 소주·맥주는...
159,2020.07.01.,뉴시스,오늘부터 '족발 1만원+소주 1만원' 배달 주문 가능해진다,국세청이 기준을 명확하게 바꿈에 따라 앞으로는 족발·치킨·보쌈·탕수육 등을 주문할 때 그 값을 넘지 않는 범위에서 소주·맥주·막걸리·고량주 등을 함께 시켜도 된다. 한편 '대형 매장(마트)용' 희석식 소주·맥주는...
160,2020.07.01.,부산일보,치킨·족발 등 시킬 때 술은 음식가격 이하로 배달 가능,"예를 들어 치킨과 맥주, 족발과 소주, 탕수육과 고량주 등을 함께 시키는 경우가 흔했다. 그런데 이 경우 배달가능한 술의 수량과 가격에 대해 혼란이 있었다. 예를 들어 치킨 1마리를 시키는데 생맥주 500mL 3병을 함께..."
161,2020.07.01.,조선비즈,주류 제조시설 활용해 음료·빵·화장품 생산 가능해진다,"치킨, 족발, 보쌈, 탕수육 등을 주문 하면서 주류를 함께 주문하는 경우 음식 가격의 50% 이내에서 맥주, 소주, 막걸리, 고량주 등을 주문할 수 있게 된다. 국세청은 지난달 19일 발표한 규제개선안 중 ▲주류 OEM 허용 ▲주류..."
162,2020.07.01.,뉴스핌,중국 증권사 선정 '7월 A주 추천 종목'...식품음료 최다,"두 곳 이상의 증권사가 추천한 11개 '7월 투자 종목' 중 가장 많은 3개 종목이 식품 음료 업종에 속하는 것으로 조사됐다. 이리구펀, 안기효모, 중국 대표 고량주(백주) 제조업체 우량예(五糧液 000858.SH)가 그것이다."
163,2020.06.30.,뉴스핌,"[6/30 중국증시종합] 경제지표 개선, 상하이지수 0.78%↑",고량주(백주) 업종 또한 눈에 띄는 상승세를 보이면서 칭다오맥주(島酒 600600.SH)가 장중 한 때 주가 최고치를 경신하기도 했다. 이날 증시 상승세는 홍콩 국가보안법이 통과되며 미중 갈등 격화 우려가...
164,2020.06.29.,뉴스핌,"[6/29 중국증시종합] 코로나 확산·홍콩보안법 우려, 상하이지수 0.61%↓","종목별로는 재배농업, 인공육, 고량주(백주) 테마주가 강세를, 증권, 해외주식예탁증서(GDR), 게임 테마주가 약세를 나타냈다. 이날 증시 하락세는 중국의 코로나19 확산 우려가 고조되는 가운데, 홍콩 국가보안법..."
165,2020.06.28.,영남일보,새마을문고 대구북구지회 27일 심원정서 시낭송회,새마을문고 대구북구지회(지회장 이승로 수성고량주 대표)는 27일 경북 칠곡군 동명면 심원정(心遠亭)에서 시낭송회를 가졌다. 심원정은 구한말 선비 기헌 조병선(1873~1956)이 1937년에 조성한 원림(園林)으로 정자...
166,2020.06.28.,매일신문,새마을문고 대구북구지회 고택 시낭송회,새마을문고 대구북구지회(회장 이승로 수성고량주 대표)는 27일 경북 칠곡군 동명면 심원정에서 고택 시낭송회를 열었다.
167,2020.06.25.,topclass,[수제 맥주 전성시대] 이슬기의 슬기로운 맥주 생활,"있어 보이는 술들은 나와 맞지 않는 것 같아서 소주와 고량주로 갈아탔다. 분명 술이 약해 독주를 잘 못... 그런데 역시 술은 ‘쪼랩’이라 소주를 마시려면 ‘어묵탕’이 필요했고, 고량주는 탕수육이 필요했다. 그렇게..."
168,2020.06.25.,OSEN,"""19인분 클리어 실화"" '외식2' 나태주→홍자, 7人7色 트롯대세들's 먹방 (ft....","소맥을 외치는 숙행에게 홍자는 ""그럼 고량주 가자""면서 ""나 오늘 코알라코알라? 같이 코알라""라고 말해 웃음을 안겼다. 어느 새 먹방을 마친 세 사람은 ""위장만석, 다이어트는 내일부터""라고 말해 웃음을 자아냈다. [사진]..."
169,2020.06.24.,OSEN,"'외식2' 나태주→류지광X홍자→숙행, 트롯돌·트롯여신's 먹방 클라쓰 (ft. 박...","소맥을 외치는 숙행에게 홍자는 ""그럼 고량주 가자""면서 ""나 오늘 코알라코알라? 같이 코알라""라고 말해 웃음을 안겼다. 정다경은 이때, 경주 칭찬 홍보대사였다고 고백했고, 갑자기 칭찬타임이 이어졌다. 홍자는..."
170,2020.06.24.,이뉴스투데이,"편의점, 주류 매출 약진…와인 매출이 견인","GS25 관계자는 ""와인 뿐 아니라 수제맥주, 고량주, 양주 등 다양한 주류를 판매 중이고 법 제도가 보완되면서 시의적절한 주류매출 상승으로 이어지고 있다""며 ""와인은 프리미엄 제품에 중점을 두고 판매에 공을 들일 것..."
171,2020.06.23.,불교공뉴스,"충북농기원, 한국형'고량주'개발 전문가 세미나 개최",충청북도농업기술원(원장 송용섭)은 23일 농업기술원 세미나실에서 고량주 개발 공동연구팀과 도내 증류주 제조업체를 대상으로 한국형 고량주 개발 관련 세미나를 개최하였다. 이번 세미나에서 제 1주제로...
172,2020.06.23.,뉴스핌,"[6/23 중국증시종합] 유동성 확대에 상승세, 상하이종합지수 0.18%↑","특히 백주(고량주)를 비롯한 소비재 섹터의 강세가 이날 상승장을 견인했다. 상하이종합지수는 전... 섹터별로는 백주(고량주),게임 업종의 상승세가 두드러졌고,종자 및 차량 전자상거래 업종은 하락세를..."
173,2020.06.23.,뉴스핌,"A주 귀주모태 vs H주 텐센트, 중국 증시 진정한 '황제주'는","둘은 각각 백주(白酒·고량주)와 인터넷 업종을 대표하는 기업이자, 소비주와 IT주를 대표하는... 한 유명 펀드매니저는 ""귀주모태는 대부분의 영업 수익을 고량주 산업에서 거둬들이고 있지만, 그에 반해 시장..."
174,2020.06.23.,엑스포츠뉴스,"서장훈·안정환·김동현·허재, 예능으로 포텐 터진 스포츠★ [본업이 끝나고...",대표팀 감독 사퇴 이후 휴식을 취하던 중 '뭉찬' 제작진과 고량주 6병을 마셨다가 고정 출연을 하게됐다는 웃픈 에피소드가 있다. 감독 시절 인터뷰에서 보여준 불같은 카리스마는 온데간데 없이 저질체력으로 인한...
175,2020.06.23.,중도일보,"충북농업기술원, 한국형 고량주 개발 위한 전문가 세미나 개최",충북도농업기술원이 한국형 고량주 개발에 박차를 가하고 있다.농업기술원은 23일 고량주 개발 공동연구팀과 도내 증류주 제조업체를 대상으로 한국형 고량주 개발 관련 세미나를 개최했다.세미나 제1주제로 농업기술원...
176,2020.06.23.,농업경제신문,충청북도농업기술원 육성 품종으로 잡곡 명품화,"현재 제천 및 영동지역에 고량주 가공 원료용 실증단지 10ha를 조성하여‘청풍수수’를 재배하고 있다. ‘청풍찰수수’는 괴산 및 제천지역 위주로 시범재배용 종자 40kg을 공급했으며, 향후 도내 재배 면적 50%(320ha) 까지..."
177,2020.06.16.,동양일보,충북농기원 육성 품종으로 도내 잡곡 명품화,현재 제천 및 영동지역에 고량주 가공 원료용 실증단지 10㏊를 조성하여 청풍수수를 재배하고 있다. 청풍찰수수는 괴산 및 제천지역 위주로 시범재배용 종자 40㎏을 공급했다. 향후 도내 재배 면적 50%(320㏊) 까지 확대...
178,2020.06.16.,아시아경제,[드링킷] 한국 영화에 등장한 술 5가지,"천진 금화 고량주 (신세계) 한국 누아르 계의 지평을 열었다 해도 과언이 아닌 영화 '신세계'. 최민식, 이정재... 신세계에 등장했던 술들 중 가장 인상 깊었던 것으로 중국의 '천진 금화 고량주'를 꼽았다. 중국 동북의..."
179,2020.06.15.,농촌여성신문,충북농업기술원 육성 잡곡품종 보급 확대,"현재 제천과 영동지역에 고량주 가공 원료용 실증단지 10ha를 조성해 '청풍수수'를 재배하고 있다. '청풍찰수수'는 괴산과 제천지역 위주로 시범재배용 종자 40kg을 공급했으며, 향후 도내 재배 면적 50%(320ha) 까지 확대..."
180,2020.06.14.,충청일보,"충북농기원, 개발 잡곡 시·군 농가에 보급 확대",현재 제천·영동 지역에서 고량주 가공 원료용 실증단지 10㏊를 조성해 청풍수수를 재배하고 있다. 청풍찰수수는 괴산·제천 지역 위주로 시범재배용 종자 40㎏을 공급했다. 앞으로 도내 재배 면적 50%(320㏊)까지 확대...
181,2020.06.14.,충청매일,"충북농기원, 개발 잡곡 품종 종자 100kg 보급",현재 제천·영동 지역에서 고량주 가공 원료용 실증단지 10㏊를 조성해 청풍수수를 재배하고 있다. 청풍찰수수는 괴산·제천 지역 위주로 시범재배용 종자 40㎏을 공급했다. 앞으로 도내 재배 면적 50%(320㏊)까지 확대...
182,2020.06.14.,톱스타뉴스,"자고 있던 배우자 살해하려 한 50대, 항소심서 감형",그는 새벽에 자고 있던 사실혼 배우자를 깨워 고량주 병으로 얼굴과 머리 부분을 수차례에 걸쳐 내려친 혐의로 기소됐다. 피해자가 몸부림치자 목을 졸랐다가 죽은 것으로 오인하자 중단한 것으로 조사됐다. 재판부는...
183,2020.06.14.,뉴시스,"자고 있던 배우자 살해하려 한 50대, 항소심서 감형",그는 새벽에 자고 있던 사실혼 배우자를 깨워 고량주 병으로 얼굴과 머리 부분을 수차례에 걸쳐 내려친 혐의로 기소됐다. 피해자가 몸부림치자 목을 졸랐다가 죽은 것으로 오인하자 중단한 것으로 조사됐다. 재판부는...
184,2020.06.14.,뉴시스,2020 서울국제주류박람회 참가한 수성고량주,'2020 서울국제주류박람회'가 열린 14일 서울 강남구 코엑스 한 부스에서 관계자가 수성고량주를 진열하고 있다. 2020.06.14. bjko@newsis.com 공감언론 뉴시스가 독자 여러분의 소중한 제보를 기다립니다. 뉴스 가치나...
185,2020.06.14.,중도일보,"충북농업기술원, 자체 육성 품종으로 도내 잡곡 명품화 추진","청풍수수는 제천·영동 지역에 고량주 가공 원료용 실증단지 10ha를 조성해 재배하고 있으며, 청풍찰수수는 괴산·제천지역 위주로 시범재배용 종자 40㎏을 공급했다. 청풍메조와 청풍찰기장은 진천군농업기술센터 등 5개..."
186,2020.06.13.,열린뉴스통신,충북농기원 육성 품종으로 도내 잡곡 명품화,"현재 제천 및 영동지역에 고량주 가공 원료용 실증단지 10ha를 조성하여 청풍수수를 재배하고 있다. 청풍찰수수는 괴산 및 제천지역 위주로 시범재배용 종자 40kg을 공급했으며, 향후 도내 재배 면적 50%(320ha) 까지 확대..."
187,2020.06.12.,한국농업신문,"충북도, 도내 잡곡 명품화 나선다","(제공=충북도농업기술원) 현재 제천 및 영동지역에 고량주 가공 원료용 실증단지 10ha를 조성해 청풍수수를 재배하고 있다. 청풍찰수수는 괴산 및 제천지역 위주로 시범재배용 종자 40kg을 공급했으며, 향후 도내 재배..."
188,2020.06.12.,국제뉴스,"충북농기원, 최초 개발 잡곡 품종(조. 기장. 수수) 종자 농가 공급","현재 제천 및 영동지역에 고량주 가공 원료용 실증단지 10ha를 조성하여 청풍수수를 재배하고 있다. 청풍찰수수는 괴산 및 제천지역 위주로 시범재배용 종자 40kg을 공급했으며, 향후 도내 재배 면적 50%(320ha) 까지 확대..."
189,2020.06.12.,노컷뉴스,"충북농기원, 개발한 잡곡 농가 보급 확대",청주수수는 제천과 영동 고량주 가공 원료용 실증단지에 10ha를 조성해 재배하고 있으며 청풍찰수수는 괴산과 제천을 위주로 시범재배용 종자 40kg을 공급했다. 청풍메조와 청풍찰기장은 진천군 농업기술센터 등 모두...
190,2020.06.12.,불교공뉴스,충북농기원 육성 품종으로 도내 잡곡 명품화,"현재 제천 및 영동지역에 고량주 가공 원료용 실증단지 10ha를 조성하여 청풍수수를 재배하고 있다. 청풍찰수수는 괴산 및 제천지역 위주로 시범재배용 종자 40kg을 공급했으며, 향후 도내 재배 면적 50%(320ha) 까지 확대..."
191,2020.06.12.,뉴스1,"충북농업기술원, 잡곡 4개 품종 개발…종자 100㎏ 농가보급",국내 최다수성(359㎏/10a)으로 폴리페놀 함량이 우수해 가공용에 적합한 청풍수수는 제천과 영동에 고량주 가공 원료용 실증단지 10㏊를 조성해 재배하고 있다. 청풍찰수수는 괴산과 제천 위주로 시범재배용 종자 40㎏을...
192,2020.06.12.,뉴시스,"충북농기원, 개발한 잡곡 7개 시·군 농가에 보급 확대",현재 제천·영동 지역에서 고량주 가공 원료용 실증단지 10㏊를 조성해 청풍수수를 재배하고 있다. 청풍찰수수는 괴산·제천 지역 위주로 시범재배용 종자 40㎏을 공급했다. 앞으로 도내 재배 면적 50%(320㏊)까지 확대...
193,2020.06.12.,파이낸셜뉴스,"충북농기원, 명품 잡곡 종자 7개 시군 보급","현재 제천 및 영동지역에 고량주 가공 원료용 실증단지 10㏊를 조성해 청풍수수를 재배하고 있다. 청풍찰수수는 괴산 및 제천지역 위주로 시범재배용 종자 40㎏을 공급했으며, 향후 도내 재배 면적 50%(320㏊) 까지 확대..."
194,2020.06.11.,테크월드,'대만 금문도 대도 고량주'..청향 고량주 선보여, 국내 고량주 시장의 대부분이 중국산 고량주로서 산동 연태 지방의 연태 고량(烟台古酿)주가 중식당의 90%를 차지한다. 고량주에는 희석주(주정+물+향료)와 발효주로 두 종류가 있는데 희석주는 주정에 물을 섞어...
195,2020.06.09.,뉴스핌,"[공부합시다] A주 투자자의 '여름 보너스' 배당, 중국의 배당 제도와 최고 배...","고량주(백주) 업계 선두주자인 귀주모태(貴州茅臺600519)가 주(株)당 지급되는 배당 금액면에서 선두를 차지했다. 올해 배당금은 1주당 17.25위안(세전)으로 책정됐고, 전체 지급 규모는 사상최대치인 213억 8700만위안에..."
196,2020.06.09.,오마이뉴스언론사 선정,지금의 노회찬은 박정희가 만들었다,그곳에서 군만두를 안주 삼아 고량주를 꽤 마셨다. 그리고 이어지던 시국 얘기며 철학과 문화·예술에 관한 토론들. 헤어지기 아쉬워 2차로 몰려간 곳은 노회찬의 자취집. 밤새워 마시고 토론하고 음악을 들었다. 시험...
197,2020.06.05.,뉴스핌,"중국 맥주 업계 초호황, 경기부양책·여름 '더블 호재' 주가도 급등","맥주 업계의 실적 호조와 함께 최근 중국 증시에서도 맥주 테마주는 고량주(백주)의 아성을 뛰어넘는 가장... 주류 업계의 한 관계자는 ""최근 주류 판매율을 살펴보면 맥주가 가장 높고, 고량주(백주)가 그 다음..."
198,2020.06.05.,비즈월드,"[HOT 마켓 트렌드] ""첨가물 없이 발효 향(香)만으로""…청향 고량주의 자존심",특산고량주가 생산되고 있다. 사진=금문도 고량주 제공  국내 고량주 시장의 대부분을 차지하고 있는 중국산 고량주는 중국 산동 연태 지방의 연태 고량(烟台古酿)주로 중식당의 90% 비중을 차지하고 있다. 고량주에는...
199,2020.06.03.,CCTV뉴스,"고량주, 청향 고량주인지 따져봐야",국내 고량주 시장의 대부분이 중국산 고량주로서 산동 연태 지방의 연태 고량(烟台古酿)주가 중식당의 90%를 차지한다. 고량주에는 희석주(주정+물+향료)와 발효주로 두 종류가 있는데 희석주는 주정에 물을 섞어 혼합하고...
200,2020.06.02.,뉴스핌,[6/2 중국증시종합] 경기부양vs미중갈등 혼조…상하이지수 0.20%↑,"업종별로는 소비, 항구, 집적회로, 반도체 등이 강세를 나타낸 반면, 식품가공, 의약, 고량주(백주), 농업서비스, 건축자재 등이 약세를 보였다. 특히, 중국 당국이 '하이난(海南) 자유무역항' 건설에 관한 구체적..."
201,2020.06.02.,글로벌이코노믹,"'대만 금문도 고량주', 100% 순곡식 발효 고량주로 인기",대만 '금문도 고량주'가 100% 순곡식 발효 고량주로 인기를 얻고 있다. 관련 업계에 따르면 고량주는 희석주와 발효주로 나뉜다. 희석주는 주정에 물을 섞어 혼합하고 술의 향기를 돋우고자 과일향이 나는 '산 에스테르' 등...
202,2020.06.01.,뉴스핌,"[6/1 중국증시종합] 경기회복 기대감, 상하이지수 2.21%↑","특히, 중국의 기술 국산화 움직임 속에 기술주가 대거 급등했고 소비전자, 반도체, 증권사, 고량주(백주), 자동차, 애플 테마주 등도 강세를 연출했다. 해외자금도 대거 유입됐다. 이날 순유입된 북상자금..."
203,2020.06.01.,충청일보,"100% 순곡주 청향 고량주, 왜 좋을까",국내 고량주 시장의 대부분이 중국산 고량주로서 산동 연태 지방의 연태 고량(烟台古酿)주가 중식당의 90%를 차지한다. 고량주에는 희석주(주정+물+향료)와 발효주로 두 종류가 있는데 희석주는 주정에 물을 섞어 혼합하고...
204,2020.06.01.,한겨레언론사 선정,[ESC] 이젠 한국서 럼도 생산한다고?,충북의 한 양조장에서는 국산 수수를 이용한 고량주 생산을 준비하고 있다. 우리나라도 구한말까지 북쪽 지역에서 생산한 고량주를 중국에 수출했던 고량주 생산국이었다. 품질도 우수해서 수출량도 많았다. 현대는...
205,2020.06.01.,모터트렌드 코리아,낯선 곳에서 남자의 향기가 느껴진다,"영화 <범죄와의 전쟁> 속 하정우가 탕수육을 먹은 뒤 고량주로 입을 가글하는 중국집이라든가, <범죄도시> 속... 이곳에선 연태고량주나 양하대곡 같은 중국 전통주와 중국 술을 이용한 칵테일을 맛볼 수 있다. 고릿한 향이..."
206,2020.06.01.,뉴스핌,"[6/1 중국증시종합] 경기회복 기대감, 상하이지수 2.21%↑","특히, 중국의 기술 국산화 움직임 속에 기술주가 대거 급등했고 소비전자, 반도체, 증권사, 고량주(백주), 자동차, 애플 테마주 등도 강세를 연출했다. 해외자금도 대거 유입됐다. 이날 순유입된 북상자금..."
207,2020.06.01.,충청일보,"100% 순곡주 청향 고량주, 왜 좋을까",국내 고량주 시장의 대부분이 중국산 고량주로서 산동 연태 지방의 연태 고량(烟台古酿)주가 중식당의 90%를 차지한다. 고량주에는 희석주(주정+물+향료)와 발효주로 두 종류가 있는데 희석주는 주정에 물을 섞어 혼합하고...
208,2020.06.01.,한겨레언론사 선정,[ESC] 이젠 한국서 럼도 생산한다고?,충북의 한 양조장에서는 국산 수수를 이용한 고량주 생산을 준비하고 있다. 우리나라도 구한말까지 북쪽 지역에서 생산한 고량주를 중국에 수출했던 고량주 생산국이었다. 품질도 우수해서 수출량도 많았다. 현대는...
209,2020.06.01.,모터트렌드 코리아,낯선 곳에서 남자의 향기가 느껴진다,"영화 <범죄와의 전쟁> 속 하정우가 탕수육을 먹은 뒤 고량주로 입을 가글하는 중국집이라든가, <범죄도시> 속... 이곳에선 연태고량주나 양하대곡 같은 중국 전통주와 중국 술을 이용한 칵테일을 맛볼 수 있다. 고릿한 향이..."
210,2020.05.26.,영남일보,"수성고량주, 순수곡물 발효증류주 '원샷부엉이' 출시",수성고량주에서 붉은 수수를 발효 증류한 순수곡물 발효증류주인 '원샷부엉이' (150㎖·30도)를 출시한다. 이... 수성고량주측의 설명이다. 전국 수퍼마켓을 비롯해 백화점·마트 등을 중심으로 런칭된다. 수성고량주...
211,2020.05.26.,파이낸셜뉴스,"수성고량주, '원샷 부엉이' 캔 출시","수성고량주는 '원샷 부엉이'(150㎖, 30도)를 출시한다고 26일 밝혔다. '원샷 부엉이'는 붉은 수수를 발효 증류한... 홈술 족과 야외 캠핑용으로 적합하다는 게 수성고량주의 설명이다. 다양한 소비패턴의 변화에 부응해..."
212,2020.05.26.,뉴스웍스,"'동상이몽2' 하재숙♥이준행, 강원도 고성의 평범한 일상+친구가 그린 초상화...","하재숙은 또 남편 이준행과 녹차고량주를 즐기는 모습과 황금비율을 공개했다. 그는 ""저는 1대1, 이스방은 1대2로 타서 마신다. 얼음은 꼭 넣어드세요""라고 친절하게 알려준다. 한편, 25일 방송된 SBS '동상이몽 시즌 2 - 너는..."
213,2020.05.25.,셀럽미디어,"'2TV생생정보' 44년 경력의 찹쌀 탕수육, 중식당은 어디?",한 시간 동안 물에 불린 찹쌀을 준비한 뒤 고량주를 후라이팬에 부어 함께 볶아 찹쌀에 풍미를 살린다. 한 시간 동안 섞어 만든 찹쌀죽이 완성되면 전분 섞인 밀가루와 함께 숙성해 튀김옷이 완성된다. 탕수육의...
214,2020.05.25.,아주경제,[중국 마이종목] 바이주 업종 호황 속 주구이주 가격 인상,"[편집자 주] 중국 바이주(白酒, 고량주) 경기 호황 속 중국 주류업체 주구이주(酒鬼酒, 선전거래소, 000799)가 내달 바이주 제품의 전략가격을 일부 인상한다고 발표했다. 주구이주는 오는 6월 25일부터 52도짜리..."
215,2020.05.24.,엑스포츠뉴스,"'온앤오프'심은우, 배우·요가강사 일상→김민아X조세호 MV 촬영 [종합]","모두가 감탄했고, 성시경은 ""드셔보시면 '다이어트는 내일부터'""라는 말로 맛을 설명했다. 또 성시경은 닭가슴살에 땅콩소스, 파 등을 추가해 만든 요리 '빵빵지'에 고량주를 먹으며 행복한 시간을 보냈다. / 사진 = tvN 방송화면"
216,2020.05.21.,뉴스핌,[5/21 중국증시종합] 미중 갈등 악화에 상하이지수 0.55%↓,"업종별로는 라디오와 TV방송 섹터가 전반적인 강세를 나타낸 것을 비롯해 의약, 고량주(백주), 상하이 테마주 등이 눈에 띄는 상승세를 기록했다. 반면 반도체, 포토레지스트, 집적회로 등은 약세를 나타냈다. 이날..."
217,2020.05.21.,열린뉴스통신,고량주에 대한 상식과 주의사항,시중에 유통되는 고량주의 대부분이 중국산 고량주로서 산동 연태 지방의 연태 고량(烟台古酿)주가 중식당의 90%를 차지하고 있다. 고량주에는 희석주(주정+물+향료)와 발효주로 두 종류가 있는데 희석주는 주정에 물을...
218,2020.05.20.,엑스포츠뉴스,"하재숙♥이준행, 달달한 고량주 데이트 ""김치찜에 한잔합시다"" [★해시태그]","이어 그는 ""요즘 녹차 고량주 문의를 너무너무 많이 주시는데요. 저희는 한국 토종 브랜드 수성 고량주&중국 녹차 강사부를 타서 마십니다. 중국에서는 홍차에 타서 드시는 분도 많다고 하고요. 이서방은 토닉워터에 타서..."
219,2020.05.20.,헤럴드POP,"하재숙♥이준행, 잉꼬부부의 고량주 데이트 ""이스방~ 일찍 들어와융""","20일 배우 하재숙은 자신의 인스타그램에 ""이스방~김치찜에 한잔 찌끄립시다~일찍 들어와융^^♡ 요즘 녹차 고량주 문의를 느무느무 많이 주시는데요ㅋㅋ 저희는 한국 토종 브랜드 수성 고량주&중국 녹차 강사부를 타서..."
220,2020.05.19.,스포츠투데이,"'사람이 좋다' 윤상 ""어린 김현철에게 친구하자 해, 종신이만 형이라 불러"" [...","윤상은 김현철과의 첫만남에 대해 ""연습실에서 고량주랑 탕수육 시켰다. 얘가 어린데 그날 내가 친구하자고 했다""고 돌이켰다. 이어 그는 ""종신이는 깍듯이 나한테 형이라고 하는데 얘한테는 친구고 얘는 걔가 옆에..."
221,2020.05.19.,내외경제tv,"이현우·윤상, 김현철에 ""비교 대상이 없었다""","윤상은 김현철과 친해지게 된 계기에 ""그냥 연습실에서 고량주 하나 시키고 탕수육 하나 시켰다. 어린데 그날 네가 친구하자고 했다""라고 밝혔다. 이어 ""종신이하고도 나이가 이상하게 얽혀 있다. 종신이는 깍듯하게 나한테..."
222,2020.05.19.,식품저널 foodnews,"""농업과학원, 세계 최고 수준 기술력 확보ㆍ농업 가치 높이는 새로운 기회""","국산 미생물ㆍ종균 보급 확대로 전통주 산업의 품질 고급화를 도모하고, 고체발효를 이용한 '한국형 고량주' 제조기술을 정립했습니다. 지역농산물을 이용한 효능 DB 구축 및 맞춤형 소재화를 추진하고 있습니다...."
223,2020.05.19.,한스경제,"기재부·국세청 ""배달음식 금액 이하로 주류 배달 가능""","예를 들어 짜장면에 고량주를 주문받아 배달하면 고량주는 짜장면 가격 이하에 해당하는 만큼 판매가 가능하다. 소주와 맥주도 가정용으로 통일된다. 지금까지는 같은 제품임에도 슈퍼마켓, 편의점, 주류백화점에서..."
224,2020.05.13.,이코노믹리뷰,[Today글로벌뉴스] 美·日·유럽 3~4월 車 500만대 감산,- 중국의 대표 고량주 '마오타이'를 생산하는 구이저우마오타이는 매년 매출과 순이익이 급성장하면서 올해 들어서만 주가가 94% 상승. - 올해 1분기 구이저우마오타이의 순수익은 131억위안(2조 2500억원)으로 전년...
225,2020.05.13.,뉴스핌,"[5/13 중국증시종합] 식음료주 강세 ,상하이종합지수 0.22%↑","상하이종합지수 2898.05 (+6.49, +0.22%) 선전성분지수 11074.59 (+59.03, +0.54%) 창업판지수 2140.68(+16.53, +0.78%) [서울=뉴스핌] 이동현기자= 13일 중국 양대 증시는 식품 및 고량주(백주) 종목을 비롯한 식음료 섹터의..."
226,2020.05.13.,아주경제,[중국증시 마감]]MSCI지수 中 종목 56개 편입에 상하이종합 소폭 상승,중국의 대표 고량주 '마오타이'를 생산하는 구이저우마오타이는 매년 매출과 순이익이 급성장하면서 올해 들어서만 주가가 94% 올랐다. 한편 이날 위안화의 달러 대비 기준환율은 7.0875위안으로 고시됐다....
227,2020.05.13.,뉴스1,삼성전자보다 비싼 '술값'…中마오타이 시총 289조 돌파,중국의 대표 고량주 '마오타이'를 생산하는 구이저우마오타이는 매년 매출과 순이익이 급성장하면서 올해 들어서만 주가가 94% 올랐다. 로이터에 따르면 지난 1분기 구이저우마오타이의 순수익은 131억위안(약...
228,2020.05.12.,뉴스핌,"중국 증권사가 꼽은 '5월 추천종목', 중장비·신형인프라 관련株 유망",[사진=셔터스톡] ◆고량주 유망주 우량예(五糧液·000858) 고량주 업종 상장사 우량예(五糧液)가 지속적인 실적 호조에 증권사들의 '5월 추천주'로 낙점받았다. 올 1분기 우랑예 실적은 코로나 여파에도 예상을 넘는...
229,2020.05.12.,아시아경제,'코로나19'에 혼술족 사로잡은 데킬라…가정내 소비 급증,중국의 고량주 제조업체 구이저우 마오타이는 이번 1분기 매출이 전년동기대비 약 13% 증가했다. 주류업체들이 코로나19에도 되레 반사이익을 얻고 있는데는 '셧다운' 조치가 해당되지 않는 필수산업군으로...
230,2020.05.07.,아주경제,"[중국증시]치솟는 마오타이酒 주가...""1500위안 간다""",코로나19 사태가 마오타이에 커다란 영향을 미치지 않았다면서 마오타이의 바이주(白酒·고량주) 업계 강자 지위는 공고하기 때문에 올해 상승세를 이어갈 것이라고 전망했다. 증시정보 플랫폼 윈드(Wind)도...
231,2020.05.07.,마켓뉴스,"레트로 홍콩주점 '용용선생', 왕십리 핫플레이스 예감","마라육회 연화반과 유림기, 흑후추우삼겹과 고수무침 등 시그니처 메뉴도 다양하며, 색다른 분위기에서 맛이 향이 가득한 메뉴와 함께 고량주 한 잔을 즐기고 싶은 이들에게는 더 없이 좋은 공간이 될 전망이다."
232,2020.05.04.,뉴스핌,"[중국 핫 스톡] '투자자 입맛에도 딱', 조미료 대장주 해천미업",핵심 소비재주인 귀주모태(貴州茅臺)와 우량예(五粮液) 등 주요 고량주 종목을 뒤쫓고 있는 모양새다. 매년 실적도 두 자릿 수 성장세를 유지하고 있다. 2019년 매출은 동기 대비 16.22% 늘어난 197억 9700만 위안에...
233,2020.05.04.,오피니언타임스,"붉은 것은 피, 피는 뜨거운 사랑","그 일대는 붉은 수수밭이 끝없이 펼쳐진 곳으로 수수를 이용해 품질 좋은 고량주(빼갈)를 만들어낸다.... 또우꽌네 고량주 술도가에서 일하는 루어한은 노새도 빼앗기고, 노동에 끌려가 채찍을 맞자 밤에 몰래 노새의..."
234,2020.05.02.,데일리시큐,"하재숙, 남편 이준행과 '취중진담' ""멘트가 참 고급져""","하재숙은 고량주에 취기가 오른 듯 ""여보 나 얼굴 빨개요?""라고 물었다. 이준행은 스윗한 말투로 ""그만... 맛있다""라며 ""자기랑 고량주를 먹는 날이 올 줄이야. 술 하나는 잘 가르쳤다""라며 미소 지었다. 이어 부부는 취중..."
235,2020.04.30.,기호일보,SBS 생방송 투데이 대박신화 어느 날 중국 가정식요리편 '장만옥'위치와 정보...,"또, 직접 제조하는 수제맥주 6종과 와인, 고량주, 소주, 위스키 등 다양한 주류도 함께 즐길 수 있어 애주가들의 성지로 불리기도 한다. 이국적인 인테리어에 쉽게 접할 수 없는 중국 가정식을 제공하면서 입소문을..."
236,2020.04.30.,한국강사신문,"[동상이몽2 재방송] 하재숙, 나이 동갑 '남편 이준행'과 고성 집에서 '1인 밥...",그런가 하면 하재숙은 비장의 무기로 초특급 고량주 제조에 나서 시선을 끌었다. 술을 전혀 못 마시던 이준행은 하재숙의 고량주 레시피에 술의 세계에 '입문'하고 말았다고. 고성의 '꼬믈리에' 하재숙 표 고량주의...
237,2020.04.29.,뉴스웍스,[명의 진료실] 30대에 간암…'B형간염 감염자'가 안심할 수 없는 이유는,"잔을 보면 맥주잔은 크고, 소주잔과 고량주는 작지 않나. 많은 주류가 1잔 기준으로 알코올의 함량은 비슷하다. 안주도 영향을 준다. 알코올 중독자 중에는 마른 분이 많다. 안주 없이 물과 함께 술을 마시는 사람도 있다...."
238,2020.04.28.,뉴스핌,"[4/28 중국증시종합] 혼조 마감, 상하이종합지수 0.19%↓","이날 증권, 백주(고량주) 섹터는 상승세를 보였고, 반면 의류 및  통신 업종은 하락세를 나타냈다. 특히 백주 섹터의 연간 실적 호조에 귀주모태(貴州茅台·600519)를 비롯한 관련 종목은 일제히 상승세를..."
239,2020.04.28.,UPI뉴스,'동상이몽2' 시청률 6.1% 동시간대 1위…강남♥이상화 하차,"탄수화물을 잘 먹지 않는다는 하재숙은 남편만을 위한 1인 솥밥부터 가자미 구이, 조개탕을 만들었고 녹차를 섞은 고량주까지 선보였다. 저녁 식사를 하며 이야기를 나누던 중 하재숙은 ""고성에서 사는 것 행복하다""며..."
240,2020.04.28.,인사이트,"흰머리 걱정하는 하재숙에 ""예뻐서 괜찮아""라며 100점짜리 멘트 날린 '쏘스윗...","이날 하재숙은 이준행과 함께 고량주를 마시며 조개탕, 가자미 구이 등을 먹었다.이준행은 하재숙이 조개를 먹다 혹시라도 데일까 직접 까주는 '사랑꾼' 면모를 보였다.하재숙은 고량주에 취기가 오른 듯 ""여보 나 얼굴..."
241,2020.04.28.,스타데일리뉴스,"'너는 내 운명' 강남♥이상화, 마지막 인사 ""더 행복하고 예쁘게 살겠다""","탄수화물을 잘 먹지 않는다는 하재숙은 남편만을 위한 1인 솥밥부터 가자미 구이, 조개탕을 뚝딱 만들어냈고, 여기에 녹차를 섞은 하재숙 표 특별한 고량주가 곁들여져 눈길을 끌었다. 오붓하게 저녁식사를 하며 이런저런..."
242,2020.04.28.,서울경제,"'너는 내 운명' 강남♥이상화, 마지막 인사→진태현♥박시은, 눈물의 부부 상...","탄수화물을 잘 먹지 않는다는 하재숙은 남편만을 위한 1인 솥밥부터 가자미 구이와 조개탕을 뚝딱 만들어냈고, 여기에 녹차를 섞은 하재숙 표 특별한 고량주가 곁들여져 눈길을 끌었다. 오붓하게 저녁식사를 하며 이런저런..."
243,2020.04.28.,아시아투데이,"'너는 내 운명' 박시은, 진태현 어린시절 외로움에 '눈물 왈칵'","탄수화물을 잘 먹지 않는다는 하재숙은 남편만을 위한 1인 솥밥부터 가자미 구이, 조개탕을 뚝딱 만들어냈고, 여기에 녹차를 섞은 하재숙 표 특별한 고량주가 곁들여져 눈길을 끌었다. 오붓하게 저녁식사를 하며 이런저런..."
244,2020.04.28.,텐아시아,"'동상이몽2' 진태현♥박시은, ""분리불안"" 상담 중 눈물→강남♥이상화 하차 [...","여기에 녹차를 섞은 하재숙 표 특별한 고량주를 곁들였다. 오붓하게 저녁식사를 하며 이런저런 이야기를 나누던 중 하재숙은 ""고성에서 사는 거 너무 행복하다""라며 고성살이에 대해 이야기했다. 이에 이준행은 ""그렇게..."
245,2020.04.28.,스포츠월드,"‘너는 내 운명’ 강남X이상화, ‘잠시만 안녕’ 마지막 인사 [TV핫스팟]","탄수화물을 잘 먹지 않는다는 하재숙은 남편만을 위한 1인 솥밥부터 가자미 구이, 조개탕을 뚝딱 만들어냈고, 여기에 녹차를 섞은 하재숙 표 특별한 고량주가 곁들여져 눈길을 끌었다. 오붓하게 저녁식사를 하며 이런저런..."
246,2020.04.28.,SBS연예뉴스,"""진태현♥박시은 눈물의 부부 상담→강남♥이상화 하차""…'동상이몽2', 동시간...","탄수화물을 잘 먹지 않는다는 하재숙은 남편만을 위한 1인 솥밥부터 가자미 구이, 조개탕을 뚝딱 만들어냈고, 여기에 녹차를 섞은 하재숙 표 특별한 고량주가 곁들여져 눈길을 끌었다. 오붓하게 저녁식사를 하며 이런저런..."
247,2020.04.28.,스타뉴스,"'동상이몽2' 강남♥이상화, 잠시만 안녕..""정말 행복했다""","탄수화물을 잘 먹지 않는다는 하재숙은 남편만을 위한 1인 솥밥부터 가자미 구이, 조개탕을 뚝딱 만들어냈고, 여기에 녹차를 섞은 하재숙 표 특별한 고량주가 곁들여져 눈길을 끌었다. 오붓하게 저녁식사를 하며 이런저런..."
248,2020.04.28.,스포츠경향,"‘동상이몽2’ 진태현, 박시은과의 ‘분리불안’으로 부부상담 ‘미안함×고마...","탄수화물을 잘 먹지 않는다는 하재숙은 남편만을 위한 1인 솥밥부터 가자미 구이, 조개탕을 뚝딱 만들어냈고, 여기에 녹차를 섞은 하재숙 표 특별한 고량주가 곁들여져 눈길을 끌었다. 오붓하게 저녁식사를 하며 이런저런..."
249,2020.04.28.,스포츠동아,"[TV북마크] ‘동상이몽2’ 진태현♥박시은, 눈물의 부부상담→강남♥이상화 하...","탄수화물을 잘 먹지 않는다는 하재숙은 남편만을 위한 1인 솥밥부터 가자미 구이, 조개탕을 뚝딱 만들어냈고, 여기에 녹차를 섞은 하재숙 표 특별한 고량주가 곁들여져 눈길을 끌었다. 오붓하게 저녁식사를 하며 이런저런..."
250,2020.04.28.,OSEN,"'동상이몽2' 강남, 이상화 위해 마사지 자격증 취득..감동적인 마지막 인사","탄수화물을 잘 먹지 않는다는 하재숙은 남편만을 위한 1인 솥밥부터 가자미 구이, 조개탕을 뚝딱 만들어냈고, 여기에 녹차를 섞은 하재숙 표 특별한 고량주가 곁들여져 눈길을 끌었다. 오붓하게 저녁식사를 하며..."
251,2020.04.28.,스포츠조선,"'동상이몽2'진태현♥박시은 눈물의 부부 상담→강남♥이상화 ""잠시만 안녕""","탄수화물을 잘 먹지 않는다는 하재숙은 남편만을 위한 1인 솥밥부터 가자미 구이, 조개탕을 뚝딱 만들어냈고, 여기에 녹차를 섞은 하재숙 표 특별한 고량주가 곁들여져 눈길을 끌었다. 오붓하게 저녁식사를 하며 이런저런..."
252,2020.04.28.,싱글리스트,"'너는 내 운명', 진태현 분리불안→강남-이상화 마지막 인사...재미+감동 전해","탄수화물을 잘 먹지 않는다는 하재숙은 남편만을 위한 1인 솥밥부터 가자미 구이, 조개탕을 뚝딱 만들어냈고, 여기에 녹차를 섞은 하재숙 표 특별한 고량주가 곁들여져 눈길을 끌었다. 오붓하게 저녁식사를 하며 이런저런..."
253,2020.04.28.,엑스포츠뉴스,"'동상이몽2' 강남♥이상화, 마지막 인사…""더 행복하고 예쁘게 살겠다""","탄수화물을 잘 먹지 않는다는 하재숙은 남편만을 위한 1인 솥밥부터 가자미 구이, 조개탕을 뚝딱 만들어냈고, 여기에 녹차를 섞은 하재숙 표 특별한 고량주가 곁들여져 눈길을 끌었다. 오붓하게 저녁식사를 하며 이런저런..."
254,2020.04.28.,조이뉴스24,"'동상이몽2' 강남♥이상화 ""더 행복하고 예쁘게 살겠다"" 마지막 인사","탄수화물을 잘 먹지 않는다는 하재숙은 남편만을 위한 1인 솥밥부터 가자미 구이, 조개탕을 뚝딱 만들어냈고, 여기에 녹차를 섞은 하재숙 표 특별한 고량주가 곁들여져 눈길을 끌었다. 오붓하게 저녁식사를 하며 이런저런..."
255,2020.04.28.,뉴스엔,"‘동상2’ 진태현♥박시은 눈물의 부부상담→강남♥이상화 하차, 최고시청률 ...","탄수화물을 잘 먹지 않는다는 하재숙은 남편만을 위한 1인 솥밥부터 가자미 구이, 조개탕을 뚝딱 만들어냈고, 여기에 녹차를 섞은 하재숙 표 특별한 고량주가 곁들여져 눈길을 끌었다. 오붓하게 저녁식사를 하며 이런저런..."
256,2020.04.28.,뉴스인사이드,"'동상이몽 시즌2' 하재숙 남편 이준행 ""빨개도 예뻐""..아찔 사랑꾼 멘트","이날 하재숙은 남편 이준행과 함께 고량주를 마시면서 조개탕, 가자미구이 등을 먹었다. 하재숙은 고량주에 취기가 오른 듯 ""여보 나 얼굴 빨개요?""라고 물어봤다. 이에 이준행은 사랑스러운 눈빛으로 하재숙을 바라보며..."
257,2020.04.28.,매일경제,"[종합] ‘동상이몽2’ 진태현→강남, 역대급 아내바보 남편들의 찐사랑 (ft. ...","이후 하재숙은 비장의 무기로 초특급 고량주를 만들었고 두 사람은 취중진담 이야기꽃을 피웠다. 이준행은 아내에게 음식을 먹여주는 다정한 모습을 보였다. 그는 하재숙을 향해 ""얼굴 빨개져도 예쁘다"" ""예뻐서 괜찮다..."
258,2020.04.28.,스포츠조선,'동상이몽2' 강남♥이상화 잠시만 안녕..진태현 '♥박시은 분리불안증' 눈물[...,"이날 저녁으로 저녁 만찬을 가득 차려낸 하재숙은 이준행에게 고량주와 녹차를 섞은 폭탄주를 건네며 잔을 부딪쳤다. 하재숙은 ""자기 맥주 한병만 먹으면 잤는데 내가 술은 하나 잘 가르쳐놨다""며 ""나 너무 얼굴이 빨개졌나..."
259,2020.04.28.,엑스포츠뉴스,"'동상이몽2' 강남♥이상화 하차, 패러글라이딩 이벤트...하재숙♥이준행 취중...",하재숙과 이준행은 고량주를 마시면서 취중진담을 나눴다. 하재숙은 이준행이 이웃주민들 일이라면 다 제쳐두고 가는 것에 대해 걱정을 했다. 이준행은 자신이 할 수 있는 일이라면 도움이 되고 싶다는 마음을 전했다....
260,2020.04.28.,뉴스1,"'동상이몽2' 강남♥이상화, 마지막 도전…박성광♥이솔이 예비부부 등장예고(...","식사가 완성되고, 부부는 녹차와 고량주를 섞은 특제 술과 함께 저녁 만찬을 시작했다. 이준행은 빨개진 얼굴과 흰머리를 걱정하는 하재숙에게 내내 ""예쁘다""고 칭찬하며 달달한 분위기를 더했다. 이어 하재숙은 이웃을..."
261,2020.04.28.,비즈엔터,"""42세 중 제일 예뻐요"" 하재숙, 남편 이준행의 배 추가 구입 요청에 냉랭…스...",또 하재숙은 비장의 무기로 초특급 고량주 제조에 나서 시선을 끌었다. 술을 전혀 못 마시던 이준행은 하재숙의 고량주 레시피에 술의 세계에 ‘입문’했다. 마냥 달달할 것 같던 두 사람 사이에 이상기류가 발생했다. 두...
262,2020.04.28.,SBS연예뉴스,"'동상이몽2' 하재숙♥이준행 신혼 취중진담…하재숙, 고량주 권하며 ""술 잘 가...","이어 하재숙은 고량주를 꺼내 ""시원하게 말아주겠다""라고 말했다. 이준행은 ""녹차 따드릴까""라고 물었고... 맛있다""라며 ""자기랑 고량주를 먹는 날이 올 줄이야. 술 하나는 잘 가르쳤다""라며 미소 지었다. 이어 부부는 취중..."
263,2020.04.28.,엑스포츠뉴스,"'동상이몽2' 이준행, 하재숙에 ""얼굴 빨개도, 흰머리 나도 예뻐""","이날 하재숙은 이준행과 함께 고량주를 마시면서 조개탕, 가자미구이 등을 먹었다. 하재숙은 고량주에 취기가 오른 듯 ""여보 나 얼굴 빨개요?""라고 물어봤다. 이준행은 세상 스윗한 말투로 ""그만 드세요""라고 했다. 이에..."
264,2020.04.28.,싱글리스트,"하재숙♥이준행, 생선엔 고량주X녹차 칵테일 '행복'(동상이몽)","두 사람은 가자미 구이, 조개탕을 요리한 뒤 고량주를 꺼냈다. 하재숙이 ""자 고량주""라고 외치자 이준행은 ""자 녹차""를 외치며 녹차를 건냈다. 하재숙은 유리컵에 고량주, 녹차, 얼음을 넣고 고량주 칵테일을 만들었다...."
265,2020.04.27.,톱데일리,"'너는 내 운명' 하재숙♥이준행, 역대급 닭살 스킨십",그런가 하면 하재숙은 비장의 무기로 초특급 고량주 제조에 나서 시선을 끌었다. 술을 전혀 못 마시던 이준행은 하재숙의 고량주 레시피에 술의 세계에 '입문'하고 말았다고. 고성의 '꼬믈리에' 하재숙 표 고량주의 정체는...
266,2020.04.27.,한국강사신문,"[동상이몽2] 하재숙, 나이 동갑 '남편 이준행'과 고성 집에서 불타는(?) 사랑...",그런가 하면 하재숙은 비장의 무기로 초특급 고량주 제조에 나서 시선을 끌었다. 술을 전혀 못 마시던 이준행은 하재숙의 고량주 레시피에 술의 세계에 '입문'하고 말았다고. 고성의 '꼬믈리에' 하재숙 표 고량주의 정체는...
267,2020.04.27.,일간스포츠,"[취중DOL③] 오마이걸 ""우리 안무가 쉬워보인다고요?"" (인터뷰)","가장 많이 마셨을 땐 회식 자리에서 마신 고량주 한 병이에요."" 미미 ""저도 맥주를 즐겨요. 작은 사이즈 한 캔의 3분의 2 정도를 마실 수 있죠. 드라마 보면 열심히 일하고 돌아와서 집에서 맥주 한 잔 하는 장면들이..."
268,2020.04.27.,아이뉴스24,"하재숙♥이준행, 역대급 스킨십 '행바디' 정체는?",그런가 하면 하재숙은 비장의 무기로 초특급 고량주 제조에 나서 시선을 끈다. 술을 전혀 못 마시던 이준행은 하재숙의 고량주 레시피에 술의 세계에 '입문'하고 말았다고. 고성의 '꼬믈리에' 하재숙 표 고량주의 정체는...
269,2020.04.26.,한국일보,"‘동상이몽2’ 하재숙♥이준행, 역대급 돌발 스킨십…꿀 뚝뚝 ‘행바디’의 정...",그런가 하면 하재숙은 비장의 무기로 초특급 고량주 제조에 나서 시선을 끌었다. 술을 전혀 못 마시던 이준행은 하재숙의 고량주 레시피에 술의 세계에 ‘입문’하고 말았다. 고성의 ‘꼬믈리에’ 하재숙 표 고량주의...
270,2020.04.26.,조이뉴스24,"'동상이몽2' 하재숙♥이준행, '행바디' 돌발 스킨십…초특급 고량주 제조",그런가 하면 하재숙은 비장의 무기로 초특급 고량주 제조에 나서 시선을 끌었다. 술을 전혀 못 마시던 이준행은 하재숙의 고량주 레시피에 술의 세계에 입문하고 말았다고. 고성의 '꼬믈리에' 하재숙 표 고량주의 정체는...
271,2020.04.26.,스타뉴스,"'동상이몽2' 하재숙♥이준행, 립밤키스에 이은 역대급 닭살 스킨십",그런가 하면 하재숙은 비장의 무기로 초특급 고량주 제조에 나서 시선을 끌었다. 술을 전혀 못 마시던 이준행은 하재숙의 고량주 레시피에 술의 세계에 입문하고 말았다. 고성의 '꼬믈리에' 하재숙 표 고량주의 정체는...
272,2020.04.26.,헤럴드POP,"'동상이몽2' 하재숙♥이준행, 립밤키스 이은 역대급 닭살 스킨십..달달 고성 ...",그런가 하면 하재숙은 비장의 무기로 초특급 고량주 제조에 나서 시선을 끌었다. 술을 전혀 못 마시던 이준행은 하재숙의 고량주 레시피에 술의 세계에 ‘입문’하고 말았다고. 고성의 ‘꼬믈리에’ 하재숙 표 고량주의...
273,2020.04.26.,뉴스1,"[N컷] '동상이몽2' 하재숙♥이준행, 립밤키스 이어 닭살 스킨십 '꿀뚝뚝'",그런가 하면 하재숙은 비장의 무기로 초특급 고량주 제조에 나서 시선을 끌었다. 술을 전혀 못 마시던 이준행은 하재숙의 고량주 레시피에 술의 세계에 입문하고 말았다고. 고성의 '꼬믈리에' 하재숙 표 고량주의 정체는...
274,2020.04.26.,텐아시아,"'동상이몽2' 하재숙♥이준행, 립밤키스 이은 역대급 닭살스킨십",그런가 하면 하재숙은 비장의 무기로 초특급 고량주 제조에 나서 시선을 끌었다. 술을 전혀 못 마시던 이준행은 하재숙의 고량주 레시피에 술의 세계에 입문하고 말았다고. 고성의 꼬믈리에 하재숙 표 고량주의 정체는...
275,2020.04.26.,TV리포트,"'동상이몽2' 하재숙♥이준행, 역대급 닭살 스킨십…'인바디' 아닌 '행바디'",그런가 하면 하재숙은 비장의 무기로 초특급 고량주 제조에 나서 시선을 끌었다. 술을 전혀 못 마시던 이준행은 하재숙의 고량주 레시피에 술의 세계에 '입문'하고 말았다고. 고성의 '꼬믈리에' 하재숙 표 고량주의 정체는...
276,2020.04.26.,스포츠조선,"'동상이몽2' 하재숙♥이준행, 립밤키스 이은 역대급 닭살 스킨십…""배 한 대만...",그런가 하면 하재숙은 비장의 무기로 초특급 고량주 제조에 나서 시선을 끌었다. 술을 전혀 못 마시던 이준행은 하재숙의 고량주 레시피에 술의 세계에 '입문'하고 말았다고. 고성의 '꼬믈리에' 하재숙 표 고량주의 정체는...
277,2020.04.26.,싱글리스트,"'동상이몽2' 하재숙♥이준행, 립밤키스 이은 역대급 행바디 스킨십",그런가 하면 비장의 무기로 초특급 고량주 제조에 나서 시선을 끌었다. 술을 전혀 못 마시던 이준행은 하재숙의 고량주 레시피에 술의 세계에 '입문'하고 말았다고. 고성의 '꼬믈리에' 하재숙 표 고량주의 정체는 방송을...
278,2020.04.26.,엑스포츠뉴스,"""배 한 대만 더""…'동상이몽2' 하재숙♥이준행, 스케일 다른 역대급 동상이몽",그런가 하면 하재숙은 비장의 무기로 초특급 고량주 제조에 나서 시선을 끌었다. 술을 전혀 못 마시던 이준행은 하재숙의 고량주 레시피에 술의 세계에 입문하고 말았다고. 하재숙 표 고량주의 정체는 방송을 통해 공개될...
279,2020.04.26.,뉴스엔,"‘동상이몽2’ 하재숙♥이준행, 립밤 키스 뛰어넘는 역대급 닭살 스킨십",그런가 하면 하재숙은 비장의 무기로 초특급 고량주 제조에 나서 시선을 끌었다. 술을 전혀 못 마시던 이준행은 하재숙의 고량주 레시피에 술의 세계에 ‘입문’하고 말았다고. 고성의 ‘꼬믈리에’ 하재숙 표 고량주의...
280,2020.04.26.,스포츠동아,"‘동상이몽2’ 하재숙♥이준행, 립밤키스→역대급 닭살 스킨십",그런가 하면 하재숙은 비장의 무기로 초특급 고량주 제조에 나서 시선을 끌었다. 술을 전혀 못 마시던 이준행은 하재숙의 고량주 레시피에 술의 세계에 ‘입문’하고 말았다고. 고성의 ‘꼬믈리에’ 하재숙 표 고량주의...
281,2020.04.26.,OSEN,"'동상이몽2' 하재숙♥이준행, 립밤키스 이은 특급 스킨십 →""배 한 대만 사도...",그런가 하면 하재숙은 비장의 무기로 초특급 고량주 제조에 나서 시선을 끌었다. 술을 전혀 못 마시던 이준행은 하재숙의 고량주 레시피에 술의 세계에 ‘입문’하고 말았다고. 고성의 ‘꼬믈리에’ 하재숙 표...
282,2020.04.24.,뉴스핌,"[중국 증권신문 헤드라인(4/24)] 식음료주 강세, 전기차 보조금 지급 연장","23일 백주(고량주) 대장주인 귀주모태(貴州茅台·600519) 주가가 2일 연속 사상 최고치를 경신했고, 인공육 종목인 타식품(雙塔食品·002481)등 관련 테마주들이 상한가를 기록하기도 했다. 또 식품 업체인 광주주가..."
283,2020.04.23.,매일신문,의료·와인산업 1등 중국 옌타이… 산업단지로도 매력 쏙쏙,우리나라에서 가장 보편적으로 보급된 연태고량주 덕에 쉽게 접하던 지명이기 때문이다. 우리가 일상에서... ◆고량주보다 와인이 더 유명한 '과일의 본고장' 한국사람 대부분은 '연태'라는 단어를 들으면 고량주부터...
284,2020.04.22.,아주경제,"[중국증시]마오타이, 성장세 둔화에도 ‘고공행진’ 배경은?","마오타이는 중국 바이주(白酒, 고량주)를 대표하는 고급 술 브랜드로 해외에도 잘 알려져 있다. 5년의 세월을 거쳐 증류되는 희소가치 덕에 가격도 꽤 고가다. 주력상품인 53도짜리 페이톈(飛天) 마오타이주 한 병의..."
285,2020.04.21.,스포츠투데이,"돈육수 라면 맛집 독특 레시피, 족발로 만든 간장까지(생방송투데이) [TV캡처...",닭발에는 고량주를 넣은 뒤 토치로 골고루 익힌다. 고량주의 알코올로 닭발의 잡내와 누린내를 잡아준다. 이렇게 불로 구워준 닭발로 육수를 만든다. 그리고 고기 육수의 텁텁함을 없애기 위해 채소 육수를 따로 끓인다....
286,2020.04.20.,아시아경제,[드링킷] 매일 똑같은 맥주 한 캔이 지겹다면,쟝샤오바이 50ml (강소백) 젊은 층의 취향 저격을 아주 제대로 한 중국 고량주. 귀여운 디자인에 반해 맛은 그리 귀여운 편이 아니다. 매우 순한 사과의 향을 띄고 있는데 한 잔 마시면 은근히 부드러운 단 맛을 풍긴다....
287,2020.04.19.,아시아경제,[드링킷] 술집? 밥집? 여기는 안주맛집!,함께 마시기 좋은 술 연태고량주. 은은한 향은 물론이고 높은 도수에도 불구하고 목이 타는듯한 느낌이 적어 편안하게 마실 수 있으니 시원한 누룽지 탕에 곁들이면 그 조화로움이 완벽 그 자체! 김태인 에디터
288,2020.04.17.,조선비즈,"[박순욱의 술기행] (24) “공기 통하는 옹기에서 숙성한 화요는 쓴맛 없어요""","증류식 소주, 맥아 위스키, 브랜디, 고량주 등은 단식증류기로 만든다.] 화요는 천연 누룩 대신 입국을 사용하고 있는 이유는? ""쌀로 증류주를 만들기 위해서는 발효제인 누룩이나 입국을 써야 한다. 누룩과 입국은 만드는..."
289,2020.04.13.,무등일보,"송병기 대표 ""황칠막걸리를 전남 대표 술로 만들고 싶다""","송 대표는 ""유럽은 와인, 러시아는 보드카, 중국은 고량주, 일본은 사케가 대표 술이라고 할 수 있다. 우리나라에는 소주가 있지만 화학주인 소주는 대표 술이라고 할 수 없다고 생각한다. 황칠막걸리를 전남을 대표하는..."
290,2020.04.13.,주간동아언론사 선정,한국 와인 어느덧 韓中日 3국 경쟁 주자로 [명욱의 술기로운 생활],中 옌타이시는 아시아 유일 ‘국제와인도시’고량주와 칭다오 맥주의 나라 중국은 알고 보면 세계 5위 와인... 이 중 와인을 가장 많이 생산하는 곳은 고량주로 유명한 옌타이시. 전체 와인 생산량의 40%가 이곳에서...
291,2020.04.11.,뉴스엔,이정현 “내겐 BTS같은” 이연복 이원일에게 코스요리 대접 ‘편스토랑’[어제...,"이정현은 ""베비는 이따 셰프님들 보러 온다더라""고 말했고 이연복과 이원일은 각각 고량주와 한식칼을 선물했다. 이정현이 셰프님들 앞에서 요리를 한다며 긴장하자 이원일은 ""예비 아내와 예비 장모님도 제 앞에서..."
292,2020.04.11.,뉴스1,"[RE:TV] '편스토랑' 이정현, 이연복x이원일 초대…코스요리로 귀빈 대접","이연복은 이정현을 위해 고량주를, 이원일은 한식도를 선물해 훈훈한 분위기를 더했다. 이정현은 먼저 수제 애플망고잼과 소주를 이용해 칵테일로 두 셰프에게 웰컴드링크를 건네 놀라움을 안겼다. 이어 최근 PD계의..."
293,2020.04.10.,셀럽미디어,"‘신상출시 편스트랑’ 이정현 ‘애플망고 칵테일’ 레시피 공개, 이연복 이원...","이연복은 입성 선물로 고량주를, 이원일은 닭고기를 작은 칼로 썰었던 이정현을 위해 한식도를 건넸다. 이정현은 샴페인보다 소주를 좋아하는 이연복과 이원일만을 위해 특별히 소주와 탄산수를 베이스로 만든 웰컴..."
294,2020.04.10.,지피코리아,"도담치킨, 중화풍 고추잡채치킨 '라바오' 출시","고추잡채는 중식메뉴로써 고량주와의 궁합이 아주 좋은 편이다. 이에 도담치킨은 이번에 출시된 고추잡채 타입의 '라바오'를 위해 고량주와 맥주를 섞어 조제한 주류를 준비 중에 있다고 밝혔다. 도담치킨 관계자는 ""치킨..."
295,2020.04.09.,매일경제언론사 선정,`집밥`의 힘…소비재펀드 눈부신 선방,"상위보유 종목으로는 중국 전자상거래 업체 알리바바, 고량주 제조업체 구이저우마오타이, 인도 네슬레 등이 있다. 국내 소비재 펀드도 비슷한 상황이다. 최근 1개월 간 국내 소비재 종목에 투자하는 상장증권펀드..."
296,2020.04.05.,아시아경제,[드링킷] 알고 마시고 있나요? 술의 종류,"▶증류주 종류 데킬라, 럼, 보드카, 고량주, 위스키, 진 등이 대표적인 증류주에 속한다. 혼성주 ; 맛과 향, 색의 조화 혼성주는 양조주나 증류주에 약초, 과즙, 인공향료 등의 휘발성 향유를 첨가하고 설탕이나 꿀 등으로..."
297,2020.04.03.,강원일보,[문화가 있는 주말]진한 짬뽕국물 생각나는 새하얀 설경,정년퇴임식에 대한 여정의 막말(?) 평가로 시작된 식사 자리에서 고량주 몇 잔을 들이킨 성근은 이혼을 하겠다는 폭탄 발언을 꺼내 놓는다. 어색한 분위기 속에 식사는 끝나고 성근은 이제 가족과 헤어질 일만 남았지만...
298,2020.04.01.,아시아경제,"골프대회 이색 상품 ""두루마리 휴지부터 굴삭기, 우주여행권까지""","중국여자오픈은 선수 체중에 해당하는 특산 고량주를, 넵스마스터피스는 주방가구시스템으로 화제가 됐다. 앤디 설리번(잉글랜드)의 '우주여행권'이 하이라이트다. 2014년 유러피언투어 KLM오픈 최종일 15번홀(파3)..."
299,2020.04.01.,아시아경제,"골프대회 이색 상품 ""두루마리 휴지부터 굴삭기, 우주여행권까지""","중국여자오픈은 선수 체중에 해당하는 특산 고량주를, 넵스마스터피스는 주방가구시스템으로 화제가 됐다. 앤디 설리번(잉글랜드)의 '우주여행권'이 하이라이트다. 2014년 유러피언투어 KLM오픈 최종일 15번홀(파3)..."
300,2020.03.24.,헤럴드POP,"성시경, 금주 근황 추가 공개 ""24일차..24년 지난 것 같다""","또한 성시경은 ""#금주24일차 #24년지난것같다 #내가했지만 #맛있다 #ㅜㅜ #이걸고량주없이먹다니 #내일메뉴는 #두근두근 #새로운도전""이라고 금주 근황을 공개했다. 함께 공개된 사진에는 성시경이 직접 만든 마파두부의..."
301,2020.03.24.,YTN,"[오뉴스] 마스크, 손소독제로 지친 피부... 회복 방법은?",◇ 최형진: 에탄올 외에도 보드카나 고량주 같은 알코올이나 락스를 재료로 한 손소독제도 등장했던데... 고량주나 보드카나 이런 건 먹는 거죠. 물론 물로 씻는 것보다는 조금 소독이 될지 모르지만 사실은 그것은...
302,2020.03.20.,뉴스핌,"코로나19에 귀주모태 주가도 '휘청', 외자 고량주株 매도세","이동현기자= 외국인들의 선호주로 꼽혀온 중국 백주 섹터의 주가가 최근 해외자금 유출세와 맞물려 약세를 나타내고 있다. 경제 매체 차이신(財新)에 따르면, 업종 대장주인 귀주모태(貴州茅臺 600519)는 19일 한때 4...."
303,2020.03.19.,뉴스핌,"[3/19 중국증시종합] 대형주 약세, 상하이종합지수 0.98%↓","이에 따라 백주(고량주) 가전 등 외국인 선호 섹터의 낙폭이 커졌다. 이날 대형주로 구성된 지수도 약세를 보였다. 상하이50지수(SSE50), 선전(CSI) 300지수는 각각 2.13%, 1.30% 하락했다. 상하이 및 선전 증시..."
304,2020.03.13.,뉴스핌,"[중국 이제는 경제다] ① 70일 간의 사투와 '포스트 코로나19' 전략, 한국에 ...",타이베이로 가는 길을 우회해 먼저 취안저우시와 푸저우시에 이어 푸젠성의 세번째  경제 대도시인 샤먼을 돌아보고 대만 땅 금문도로 넘어가 금문 고량주 공장을 취재한 뒤 타이베이로 들어가는 스케줄이었다....
305,2020.03.13.,뉴스엔,문소리 사이다 입담 #소리BAR #비밀연애 #보디메이트[어제TV],첫 페이지부터 고량주가 보이자 문소리는 당황했다. 술을 잘 마시냐는 질문에 문소리는 “죽을 때 내가 술을 적게 먹어서 아쉽다 생각은 안 들 것 같다. 먹을 만큼 먹었다”고 화끈한 모습을 보였다. 송은이는 서울에...
306,2020.03.06.,리걸타임즈,[리걸타임즈 칼럼] 핸드백 형태 모방을 통한 부정경쟁행위의 성립,"최근 제3자가 정식 연태고량주 병 형태와 유사한 병에 중국에서 수입한 고량주를 담아 판매한 사례에서, 서울중앙지방법원은 고량주 병 형태의 상품표지성을 인정하면서 ""널리 인식된 고량주 병세트와 구성 및 디자인이..."
307,2020.02.28.,스타데일리뉴스,"고량주 '설원', 인천 송도에 따룽훠궈 직영점 개설","'설원' 고량주가 소비자 감동 실현을 위한 2020년 비전을 밝혔다. 2016년 중국 설원 제조사인 해림시설원주업... 설원 고량주의 환상적인 맛의 조합과 묘미를 느낄 수 있을 것""이라며 따룽훠궈와 설원 고량주 브랜드 상승..."
308,2020.02.13.,비즈엔터,연희동에서 만난 화교 왕치빈 형제...류수영&이경규 한끼 성공,류수영과 이경규를 받아준 화교 형제의 형은 고량주 회사에서 일을 하고 있었고 동생 왕치빈은 동국대학교를 나왔다고 했다. 그러자 이경규는 후배를 만났다고 환한 웃음을 지었고 류수영도 아내 박하선이 동국대를...
309,2020.02.07.,KBS언론사 선정,[팩트체크K] “알코올 소독제 없어요”… 50도 고량주로 손 소독 가능할까?,"""중국에서는 손 세정제가 없어 50도짜리 중국 백주를 대신 쓴다."" 중국 교민들의 모임인 중국한국인회 박원우 회장이 오늘(7일) 박원순 서울시장을 만나 말한 내용입니다. 중국 사정이 열악하다는 것과 의료품과 구호품..."
310,2020.02.06.,헤드라인제주,제주 잡곡류 재배의 역사,"중국어나 한자로는 고량(高粱)이라고 표기하며, 중국에서는 고량주의 주 원료로 사용된다. 제주지역에서 수수는 제주 재래종이 주로 재배되어 1984년 133ha까지 재배되다가 계속 감소되어 1995년 이후에는 거의 재배가..."
311,2020.02.04.,뉴스핌,"A주 폭락 속 '역주행' 외자, 대규모 해외자금 어떤 종목 왜 샀나","상하이 시장에서는 고량주 대표 종목 귀주모태(600519.SH), 보험 금융 기대주 중국평안(601318.SH), 교통... 선전거래소에서는 가전 대표 브랜드 거리전기(000651.SZ), 배터리 유망주 CATL(300750.SZ), 고량주 제조자 양하고빈..."
312,2020.02.04.,코리아쉬핑가제트,푸드톡앤톡/속풀이 해장음식,"맥주나 막걸리처럼 속이 더부룩해지기 쉬운, 즉 소화를 지연시키는 ‘이체증’을 일으키는 술을 마신 후에는 속을 풀어주는 콩나물국이나 맑은 소고기 무국을 소주나 양주, 고량주와 같은 독주는 선짓국이나 설렁탕을..."
313,2020.02.03.,동아일보언론사 선정,한국 맥주보다 맛있는 북한의 이것은? [송홍근 기자의 언박싱평양],일반 주민들은 ‘감주’라고 일컫는 막걸리나 중국에서 수입한 싸구려 고량주를 주로 마십니다. 북한에서는 알코올 도수가 높은 유럽식 맥주가 대세인데요. 북한 맥주는 특히 러시아 발티카맥주의 영향을 받았습니다....
314,2020.02.02.,아시아경제,"[드링킷] '술방'만 있으면 혼술, 외롭지 않아","대학 시절 일명 '토마토(토하고 마시고 토하고)'의 삶을 살았다고 밝힌 그는 주종을 가리지 않는 것으로 유명하지만, 그 중 최애술은 '연태 고량주'라 하니 그의 술 사랑은 차원이 다르다는 것을 알 수 있었다...."
315,2020.01.14.,뉴스핌,"중국 부호들의 '라이프 스타일', 부동산 투자 선호 일본 해외 여행 1순위로 꼽...","와인은 백주(고량주)를 제치고 3위를 기록했다. 여성 부호들은 화장품 선물 증정하는 것을 가장 좋아하는 것으로 조사됐다. 그 뒤를 이어 귀금속과 액세서리가 2,3 순위를 차지했다. 루이비통는 남녀 부호들이 가장..."
316,2020.01.14.,뉴스핌,"[차이나 피플&현장] '전쟁이 빚어낸 풍요', 르뽀 대만판 마오타이 금문고량주...","금문도의 명물 금문 고량주의 기원과 번영은 금문도에 관한 한편의 서사시다. 1월 9일 중국땅 샤먼 우통... 금문 고량주 주창(양조공장)이 나온다. 대만 진먼현((金, 금문도)의 서북쪽 진닌샹 타오위안루 1호(金 桃路 1호)..."
